gt_path,img_path,label,size
./Data/PASCAL-S/Imgs/678.png,./Data/PASCAL-S/Imgs/678.jpg,4,0.4861542699724518
./Data/PASCAL-S/Imgs/685.png,./Data/PASCAL-S/Imgs/685.jpg,1,0.196848
./Data/PASCAL-S/Imgs/526.png,./Data/PASCAL-S/Imgs/526.jpg,1,0.1868
./Data/PASCAL-S/Imgs/17.png,./Data/PASCAL-S/Imgs/17.jpg,2,0.2170720461095101
./Data/PASCAL-S/Imgs/154.png,./Data/PASCAL-S/Imgs/154.jpg,3,0.3739251336898396
./Data/PASCAL-S/Imgs/237.png,./Data/PASCAL-S/Imgs/237.jpg,1,0.14216533333333334
./Data/PASCAL-S/Imgs/535.png,./Data/PASCAL-S/Imgs/535.jpg,3,0.3067289156626506
./Data/PASCAL-S/Imgs/297.png,./Data/PASCAL-S/Imgs/297.jpg,2,0.22572372372372373
./Data/PASCAL-S/Imgs/122.png,./Data/PASCAL-S/Imgs/122.jpg,4,0.5018986666666667
./Data/PASCAL-S/Imgs/378.png,./Data/PASCAL-S/Imgs/378.jpg,1,0.16880838323353292
./Data/PASCAL-S/Imgs/289.png,./Data/PASCAL-S/Imgs/289.jpg,0,0.07232
./Data/PASCAL-S/Imgs/837.png,./Data/PASCAL-S/Imgs/837.jpg,2,0.22928
./Data/PASCAL-S/Imgs/408.png,./Data/PASCAL-S/Imgs/408.jpg,0,0.0
./Data/PASCAL-S/Imgs/375.png,./Data/PASCAL-S/Imgs/375.jpg,0,0.06681066666666667
./Data/PASCAL-S/Imgs/536.png,./Data/PASCAL-S/Imgs/536.jpg,3,0.3933333333333333
./Data/PASCAL-S/Imgs/436.png,./Data/PASCAL-S/Imgs/436.jpg,0,0.09
./Data/PASCAL-S/Imgs/780.png,./Data/PASCAL-S/Imgs/780.jpg,0,0.03797333333333333
./Data/PASCAL-S/Imgs/555.png,./Data/PASCAL-S/Imgs/555.jpg,0,0.05247466666666667
./Data/PASCAL-S/Imgs/37.png,./Data/PASCAL-S/Imgs/37.jpg,0,0.09281818181818181
./Data/PASCAL-S/Imgs/786.png,./Data/PASCAL-S/Imgs/786.jpg,1,0.15434666666666666
./Data/PASCAL-S/Imgs/663.png,./Data/PASCAL-S/Imgs/663.jpg,4,0.4813873873873874
./Data/PASCAL-S/Imgs/257.png,./Data/PASCAL-S/Imgs/257.jpg,3,0.3950415512465374
./Data/PASCAL-S/Imgs/506.png,./Data/PASCAL-S/Imgs/506.jpg,2,0.20136043360433603
./Data/PASCAL-S/Imgs/811.png,./Data/PASCAL-S/Imgs/811.jpg,2,0.20906561679790026
./Data/PASCAL-S/Imgs/705.png,./Data/PASCAL-S/Imgs/705.jpg,0,0.032618666666666664
./Data/PASCAL-S/Imgs/105.png,./Data/PASCAL-S/Imgs/105.jpg,2,0.25349848942598185
./Data/PASCAL-S/Imgs/51.png,./Data/PASCAL-S/Imgs/51.jpg,1,0.157568
./Data/PASCAL-S/Imgs/475.png,./Data/PASCAL-S/Imgs/475.jpg,2,0.23405405405405405
./Data/PASCAL-S/Imgs/43.png,./Data/PASCAL-S/Imgs/43.jpg,4,0.4044586666666667
./Data/PASCAL-S/Imgs/258.png,./Data/PASCAL-S/Imgs/258.jpg,4,0.6049604863221885
./Data/PASCAL-S/Imgs/546.png,./Data/PASCAL-S/Imgs/546.jpg,3,0.3111893333333333
./Data/PASCAL-S/Imgs/99.png,./Data/PASCAL-S/Imgs/99.jpg,1,0.15896
./Data/PASCAL-S/Imgs/138.png,./Data/PASCAL-S/Imgs/138.jpg,4,0.5443431712962963
./Data/PASCAL-S/Imgs/457.png,./Data/PASCAL-S/Imgs/457.jpg,2,0.20192192192192193
./Data/PASCAL-S/Imgs/3.png,./Data/PASCAL-S/Imgs/3.jpg,0,0.06761823361823362
./Data/PASCAL-S/Imgs/463.png,./Data/PASCAL-S/Imgs/463.jpg,3,0.336996996996997
./Data/PASCAL-S/Imgs/776.png,./Data/PASCAL-S/Imgs/776.jpg,3,0.304404
./Data/PASCAL-S/Imgs/845.png,./Data/PASCAL-S/Imgs/845.jpg,4,0.5227826086956522
./Data/PASCAL-S/Imgs/270.png,./Data/PASCAL-S/Imgs/270.jpg,4,0.5651651651651651
./Data/PASCAL-S/Imgs/253.png,./Data/PASCAL-S/Imgs/253.jpg,3,0.384176
./Data/PASCAL-S/Imgs/460.png,./Data/PASCAL-S/Imgs/460.jpg,0,0.0
./Data/PASCAL-S/Imgs/267.png,./Data/PASCAL-S/Imgs/267.jpg,1,0.11986133333333333
./Data/PASCAL-S/Imgs/827.png,./Data/PASCAL-S/Imgs/827.jpg,3,0.36964564564564567
./Data/PASCAL-S/Imgs/133.png,./Data/PASCAL-S/Imgs/133.jpg,2,0.21384533333333333
./Data/PASCAL-S/Imgs/694.png,./Data/PASCAL-S/Imgs/694.jpg,3,0.36618018018018017
./Data/PASCAL-S/Imgs/207.png,./Data/PASCAL-S/Imgs/207.jpg,3,0.3296266666666667
./Data/PASCAL-S/Imgs/365.png,./Data/PASCAL-S/Imgs/365.jpg,2,0.2980467532467532
./Data/PASCAL-S/Imgs/108.png,./Data/PASCAL-S/Imgs/108.jpg,1,0.1601081081081081
./Data/PASCAL-S/Imgs/604.png,./Data/PASCAL-S/Imgs/604.jpg,0,0.07743699731903485
./Data/PASCAL-S/Imgs/262.png,./Data/PASCAL-S/Imgs/262.jpg,0,0.04158166189111748
./Data/PASCAL-S/Imgs/474.png,./Data/PASCAL-S/Imgs/474.jpg,4,0.406864
./Data/PASCAL-S/Imgs/395.png,./Data/PASCAL-S/Imgs/395.jpg,2,0.27192533333333335
./Data/PASCAL-S/Imgs/438.png,./Data/PASCAL-S/Imgs/438.jpg,2,0.25146666666666667
./Data/PASCAL-S/Imgs/714.png,./Data/PASCAL-S/Imgs/714.jpg,3,0.39310192837465563
./Data/PASCAL-S/Imgs/73.png,./Data/PASCAL-S/Imgs/73.jpg,1,0.168048
./Data/PASCAL-S/Imgs/339.png,./Data/PASCAL-S/Imgs/339.jpg,3,0.33498666666666665
./Data/PASCAL-S/Imgs/171.png,./Data/PASCAL-S/Imgs/171.jpg,3,0.31184384384384384
./Data/PASCAL-S/Imgs/337.png,./Data/PASCAL-S/Imgs/337.jpg,1,0.13882573726541556
./Data/PASCAL-S/Imgs/317.png,./Data/PASCAL-S/Imgs/317.jpg,0,0.07996342737722048
./Data/PASCAL-S/Imgs/185.png,./Data/PASCAL-S/Imgs/185.jpg,3,0.36296
./Data/PASCAL-S/Imgs/350.png,./Data/PASCAL-S/Imgs/350.jpg,1,0.17530133333333334
./Data/PASCAL-S/Imgs/346.png,./Data/PASCAL-S/Imgs/346.jpg,3,0.3551231231231231
./Data/PASCAL-S/Imgs/284.png,./Data/PASCAL-S/Imgs/284.jpg,3,0.35384
./Data/PASCAL-S/Imgs/198.png,./Data/PASCAL-S/Imgs/198.jpg,2,0.27858217592592593
./Data/PASCAL-S/Imgs/512.png,./Data/PASCAL-S/Imgs/512.jpg,0,0.057402666666666664
./Data/PASCAL-S/Imgs/523.png,./Data/PASCAL-S/Imgs/523.jpg,0,0.08237837837837837
./Data/PASCAL-S/Imgs/689.png,./Data/PASCAL-S/Imgs/689.jpg,2,0.24421333333333334
./Data/PASCAL-S/Imgs/92.png,./Data/PASCAL-S/Imgs/92.jpg,4,0.47498802395209583
./Data/PASCAL-S/Imgs/727.png,./Data/PASCAL-S/Imgs/727.jpg,2,0.21347191011235955
./Data/PASCAL-S/Imgs/735.png,./Data/PASCAL-S/Imgs/735.jpg,1,0.10615466666666666
./Data/PASCAL-S/Imgs/204.png,./Data/PASCAL-S/Imgs/204.jpg,0,0.020538666666666667
./Data/PASCAL-S/Imgs/238.png,./Data/PASCAL-S/Imgs/238.jpg,1,0.16671532846715328
./Data/PASCAL-S/Imgs/485.png,./Data/PASCAL-S/Imgs/485.jpg,3,0.3531711711711712
./Data/PASCAL-S/Imgs/220.png,./Data/PASCAL-S/Imgs/220.jpg,4,0.424016
./Data/PASCAL-S/Imgs/394.png,./Data/PASCAL-S/Imgs/394.jpg,0,0.03778378378378378
./Data/PASCAL-S/Imgs/269.png,./Data/PASCAL-S/Imgs/269.jpg,4,0.4266846846846847
./Data/PASCAL-S/Imgs/723.png,./Data/PASCAL-S/Imgs/723.jpg,0,0.06253866666666667
./Data/PASCAL-S/Imgs/336.png,./Data/PASCAL-S/Imgs/336.jpg,0,0.019996
./Data/PASCAL-S/Imgs/168.png,./Data/PASCAL-S/Imgs/168.jpg,1,0.1314148681055156
./Data/PASCAL-S/Imgs/592.png,./Data/PASCAL-S/Imgs/592.jpg,1,0.171968
./Data/PASCAL-S/Imgs/115.png,./Data/PASCAL-S/Imgs/115.jpg,2,0.2847882352941176
./Data/PASCAL-S/Imgs/311.png,./Data/PASCAL-S/Imgs/311.jpg,1,0.17646786632390746
./Data/PASCAL-S/Imgs/430.png,./Data/PASCAL-S/Imgs/430.jpg,3,0.3203402985074627
./Data/PASCAL-S/Imgs/603.png,./Data/PASCAL-S/Imgs/603.jpg,3,0.3615413333333333
./Data/PASCAL-S/Imgs/510.png,./Data/PASCAL-S/Imgs/510.jpg,0,0.016798798798798798
./Data/PASCAL-S/Imgs/156.png,./Data/PASCAL-S/Imgs/156.jpg,2,0.2256896551724138
./Data/PASCAL-S/Imgs/244.png,./Data/PASCAL-S/Imgs/244.jpg,0,0.00850563909774436
./Data/PASCAL-S/Imgs/468.png,./Data/PASCAL-S/Imgs/468.jpg,1,0.13244910179640718
./Data/PASCAL-S/Imgs/785.png,./Data/PASCAL-S/Imgs/785.jpg,0,0.037104
./Data/PASCAL-S/Imgs/401.png,./Data/PASCAL-S/Imgs/401.jpg,1,0.17869750889679714
./Data/PASCAL-S/Imgs/752.png,./Data/PASCAL-S/Imgs/752.jpg,1,0.13838968481375358
./Data/PASCAL-S/Imgs/529.png,./Data/PASCAL-S/Imgs/529.jpg,0,0.06900300300300301
./Data/PASCAL-S/Imgs/745.png,./Data/PASCAL-S/Imgs/745.jpg,0,0.016614906832298135
./Data/PASCAL-S/Imgs/627.png,./Data/PASCAL-S/Imgs/627.jpg,0,0.06446933333333334
./Data/PASCAL-S/Imgs/291.png,./Data/PASCAL-S/Imgs/291.jpg,2,0.25963733333333333
./Data/PASCAL-S/Imgs/33.png,./Data/PASCAL-S/Imgs/33.jpg,0,0.06034330985915493
./Data/PASCAL-S/Imgs/184.png,./Data/PASCAL-S/Imgs/184.jpg,2,0.20925151513042994
./Data/PASCAL-S/Imgs/749.png,./Data/PASCAL-S/Imgs/749.jpg,2,0.2943641975308642
./Data/PASCAL-S/Imgs/645.png,./Data/PASCAL-S/Imgs/645.jpg,2,0.20988266666666666
./Data/PASCAL-S/Imgs/44.png,./Data/PASCAL-S/Imgs/44.jpg,3,0.32005866666666666
./Data/PASCAL-S/Imgs/469.png,./Data/PASCAL-S/Imgs/469.jpg,3,0.3442773333333333
./Data/PASCAL-S/Imgs/327.png,./Data/PASCAL-S/Imgs/327.jpg,1,0.19709333333333334
./Data/PASCAL-S/Imgs/822.png,./Data/PASCAL-S/Imgs/822.jpg,4,0.4084586666666667
./Data/PASCAL-S/Imgs/753.png,./Data/PASCAL-S/Imgs/753.jpg,3,0.33648048048048046
./Data/PASCAL-S/Imgs/552.png,./Data/PASCAL-S/Imgs/552.jpg,2,0.20713910761154855
./Data/PASCAL-S/Imgs/607.png,./Data/PASCAL-S/Imgs/607.jpg,1,0.11664533333333334
./Data/PASCAL-S/Imgs/212.png,./Data/PASCAL-S/Imgs/212.jpg,0,0.09065066666666667
./Data/PASCAL-S/Imgs/422.png,./Data/PASCAL-S/Imgs/422.jpg,3,0.3781861861861862
./Data/PASCAL-S/Imgs/404.png,./Data/PASCAL-S/Imgs/404.jpg,1,0.15636477987421385
./Data/PASCAL-S/Imgs/781.png,./Data/PASCAL-S/Imgs/781.jpg,1,0.137536
./Data/PASCAL-S/Imgs/411.png,./Data/PASCAL-S/Imgs/411.jpg,0,0.023846153846153847
./Data/PASCAL-S/Imgs/495.png,./Data/PASCAL-S/Imgs/495.jpg,0,0.07885416666666667
./Data/PASCAL-S/Imgs/573.png,./Data/PASCAL-S/Imgs/573.jpg,2,0.27246933333333334
./Data/PASCAL-S/Imgs/20.png,./Data/PASCAL-S/Imgs/20.jpg,3,0.361776
./Data/PASCAL-S/Imgs/163.png,./Data/PASCAL-S/Imgs/163.jpg,3,0.3433271028037383
./Data/PASCAL-S/Imgs/507.png,./Data/PASCAL-S/Imgs/507.jpg,2,0.2885808383233533
./Data/PASCAL-S/Imgs/432.png,./Data/PASCAL-S/Imgs/432.jpg,1,0.11548348348348349
./Data/PASCAL-S/Imgs/369.png,./Data/PASCAL-S/Imgs/369.jpg,1,0.14161344537815126
./Data/PASCAL-S/Imgs/759.png,./Data/PASCAL-S/Imgs/759.jpg,4,0.40632
./Data/PASCAL-S/Imgs/651.png,./Data/PASCAL-S/Imgs/651.jpg,0,0.018757333333333334
./Data/PASCAL-S/Imgs/629.png,./Data/PASCAL-S/Imgs/629.jpg,2,0.2636756756756757
./Data/PASCAL-S/Imgs/15.png,./Data/PASCAL-S/Imgs/15.jpg,2,0.2239940119760479
./Data/PASCAL-S/Imgs/590.png,./Data/PASCAL-S/Imgs/590.jpg,4,0.6559580838323353
./Data/PASCAL-S/Imgs/6.png,./Data/PASCAL-S/Imgs/6.jpg,0,0.03264264264264264
./Data/PASCAL-S/Imgs/798.png,./Data/PASCAL-S/Imgs/798.jpg,4,0.4359146666666667
./Data/PASCAL-S/Imgs/293.png,./Data/PASCAL-S/Imgs/293.jpg,2,0.2958018018018018
./Data/PASCAL-S/Imgs/119.png,./Data/PASCAL-S/Imgs/119.jpg,3,0.391008
./Data/PASCAL-S/Imgs/277.png,./Data/PASCAL-S/Imgs/277.jpg,1,0.16515662650602408
./Data/PASCAL-S/Imgs/693.png,./Data/PASCAL-S/Imgs/693.jpg,2,0.2268668555240793
./Data/PASCAL-S/Imgs/151.png,./Data/PASCAL-S/Imgs/151.jpg,1,0.10374933333333333
./Data/PASCAL-S/Imgs/182.png,./Data/PASCAL-S/Imgs/182.jpg,3,0.3054251497005988
./Data/PASCAL-S/Imgs/690.png,./Data/PASCAL-S/Imgs/690.jpg,3,0.3999455040871935
./Data/PASCAL-S/Imgs/341.png,./Data/PASCAL-S/Imgs/341.jpg,0,0.09702140672782875
./Data/PASCAL-S/Imgs/423.png,./Data/PASCAL-S/Imgs/423.jpg,1,0.13914714714714715
./Data/PASCAL-S/Imgs/623.png,./Data/PASCAL-S/Imgs/623.jpg,4,0.48159466666666667
./Data/PASCAL-S/Imgs/96.png,./Data/PASCAL-S/Imgs/96.jpg,2,0.210512
./Data/PASCAL-S/Imgs/644.png,./Data/PASCAL-S/Imgs/644.jpg,4,0.4120447074293228
./Data/PASCAL-S/Imgs/306.png,./Data/PASCAL-S/Imgs/306.jpg,4,0.4315253333333333
./Data/PASCAL-S/Imgs/147.png,./Data/PASCAL-S/Imgs/147.jpg,4,0.46026666666666666
./Data/PASCAL-S/Imgs/416.png,./Data/PASCAL-S/Imgs/416.jpg,2,0.248304
./Data/PASCAL-S/Imgs/768.png,./Data/PASCAL-S/Imgs/768.jpg,3,0.38522133333333336
./Data/PASCAL-S/Imgs/594.png,./Data/PASCAL-S/Imgs/594.jpg,1,0.194528
./Data/PASCAL-S/Imgs/803.png,./Data/PASCAL-S/Imgs/803.jpg,4,0.6478207547169811
./Data/PASCAL-S/Imgs/611.png,./Data/PASCAL-S/Imgs/611.jpg,0,0.074528
./Data/PASCAL-S/Imgs/412.png,./Data/PASCAL-S/Imgs/412.jpg,0,0.01526126126126126
./Data/PASCAL-S/Imgs/773.png,./Data/PASCAL-S/Imgs/773.jpg,3,0.30644266666666664
./Data/PASCAL-S/Imgs/587.png,./Data/PASCAL-S/Imgs/587.jpg,1,0.18995195195195194
./Data/PASCAL-S/Imgs/52.png,./Data/PASCAL-S/Imgs/52.jpg,0,0.020821333333333334
./Data/PASCAL-S/Imgs/128.png,./Data/PASCAL-S/Imgs/128.jpg,2,0.21700751879699248
./Data/PASCAL-S/Imgs/47.png,./Data/PASCAL-S/Imgs/47.jpg,0,0.04643733333333333
./Data/PASCAL-S/Imgs/788.png,./Data/PASCAL-S/Imgs/788.jpg,1,0.16425066666666666
./Data/PASCAL-S/Imgs/295.png,./Data/PASCAL-S/Imgs/295.jpg,4,0.6014346666666667
./Data/PASCAL-S/Imgs/771.png,./Data/PASCAL-S/Imgs/771.jpg,2,0.29899404761904763
./Data/PASCAL-S/Imgs/19.png,./Data/PASCAL-S/Imgs/19.jpg,1,0.19174933333333333
./Data/PASCAL-S/Imgs/363.png,./Data/PASCAL-S/Imgs/363.jpg,3,0.3475406698564593
./Data/PASCAL-S/Imgs/497.png,./Data/PASCAL-S/Imgs/497.jpg,1,0.13207466666666667
./Data/PASCAL-S/Imgs/398.png,./Data/PASCAL-S/Imgs/398.jpg,3,0.306896
./Data/PASCAL-S/Imgs/103.png,./Data/PASCAL-S/Imgs/103.jpg,2,0.2823893333333333
./Data/PASCAL-S/Imgs/145.png,./Data/PASCAL-S/Imgs/145.jpg,2,0.20447284345047922
./Data/PASCAL-S/Imgs/581.png,./Data/PASCAL-S/Imgs/581.jpg,3,0.39774377224199287
./Data/PASCAL-S/Imgs/657.png,./Data/PASCAL-S/Imgs/657.jpg,4,0.4756657381615599
./Data/PASCAL-S/Imgs/737.png,./Data/PASCAL-S/Imgs/737.jpg,4,0.471408
./Data/PASCAL-S/Imgs/478.png,./Data/PASCAL-S/Imgs/478.jpg,1,0.11448048048048048
./Data/PASCAL-S/Imgs/329.png,./Data/PASCAL-S/Imgs/329.jpg,0,0.078224
./Data/PASCAL-S/Imgs/632.png,./Data/PASCAL-S/Imgs/632.jpg,4,0.6410639534883721
./Data/PASCAL-S/Imgs/585.png,./Data/PASCAL-S/Imgs/585.jpg,0,0.046746666666666666
./Data/PASCAL-S/Imgs/550.png,./Data/PASCAL-S/Imgs/550.jpg,0,0.051029333333333336
./Data/PASCAL-S/Imgs/66.png,./Data/PASCAL-S/Imgs/66.jpg,1,0.1795016835016835
./Data/PASCAL-S/Imgs/652.png,./Data/PASCAL-S/Imgs/652.jpg,4,0.7318453333333333
./Data/PASCAL-S/Imgs/58.png,./Data/PASCAL-S/Imgs/58.jpg,1,0.16661866666666666
./Data/PASCAL-S/Imgs/656.png,./Data/PASCAL-S/Imgs/656.jpg,2,0.2163252019557823
./Data/PASCAL-S/Imgs/431.png,./Data/PASCAL-S/Imgs/431.jpg,2,0.22111466666666665
./Data/PASCAL-S/Imgs/726.png,./Data/PASCAL-S/Imgs/726.jpg,3,0.34795733333333334
./Data/PASCAL-S/Imgs/218.png,./Data/PASCAL-S/Imgs/218.jpg,2,0.27784
./Data/PASCAL-S/Imgs/480.png,./Data/PASCAL-S/Imgs/480.jpg,2,0.2781866666666667
./Data/PASCAL-S/Imgs/579.png,./Data/PASCAL-S/Imgs/579.jpg,1,0.18299733333333335
./Data/PASCAL-S/Imgs/610.png,./Data/PASCAL-S/Imgs/610.jpg,4,0.42452409638554217
./Data/PASCAL-S/Imgs/800.png,./Data/PASCAL-S/Imgs/800.jpg,1,0.14831466666666668
./Data/PASCAL-S/Imgs/761.png,./Data/PASCAL-S/Imgs/761.jpg,0,0.07716266666666667
./Data/PASCAL-S/Imgs/357.png,./Data/PASCAL-S/Imgs/357.jpg,0,0.08977777777777778
./Data/PASCAL-S/Imgs/755.png,./Data/PASCAL-S/Imgs/755.jpg,3,0.3374474474474474
./Data/PASCAL-S/Imgs/187.png,./Data/PASCAL-S/Imgs/187.jpg,3,0.3388080018939394
./Data/PASCAL-S/Imgs/661.png,./Data/PASCAL-S/Imgs/661.jpg,3,0.39701333333333333
./Data/PASCAL-S/Imgs/665.png,./Data/PASCAL-S/Imgs/665.jpg,0,0.07999466666666667
./Data/PASCAL-S/Imgs/386.png,./Data/PASCAL-S/Imgs/386.jpg,4,0.5480053333333333
./Data/PASCAL-S/Imgs/514.png,./Data/PASCAL-S/Imgs/514.jpg,0,0.08196396396396396
./Data/PASCAL-S/Imgs/772.png,./Data/PASCAL-S/Imgs/772.jpg,3,0.3956266666666667
./Data/PASCAL-S/Imgs/123.png,./Data/PASCAL-S/Imgs/123.jpg,4,0.4786666666666667
./Data/PASCAL-S/Imgs/703.png,./Data/PASCAL-S/Imgs/703.jpg,2,0.2864984984984985
./Data/PASCAL-S/Imgs/195.png,./Data/PASCAL-S/Imgs/195.jpg,1,0.13344
./Data/PASCAL-S/Imgs/499.png,./Data/PASCAL-S/Imgs/499.jpg,0,0.061
./Data/PASCAL-S/Imgs/399.png,./Data/PASCAL-S/Imgs/399.jpg,0,0.07479418886198547
./Data/PASCAL-S/Imgs/765.png,./Data/PASCAL-S/Imgs/765.jpg,4,0.5092206896551724
./Data/PASCAL-S/Imgs/534.png,./Data/PASCAL-S/Imgs/534.jpg,2,0.21039466666666667
./Data/PASCAL-S/Imgs/1.png,./Data/PASCAL-S/Imgs/1.jpg,0,0.011893333333333334
./Data/PASCAL-S/Imgs/25.png,./Data/PASCAL-S/Imgs/25.jpg,0,0.0814054054054054
./Data/PASCAL-S/Imgs/63.png,./Data/PASCAL-S/Imgs/63.jpg,2,0.20725866666666667
./Data/PASCAL-S/Imgs/107.png,./Data/PASCAL-S/Imgs/107.jpg,1,0.1394894894894895
./Data/PASCAL-S/Imgs/421.png,./Data/PASCAL-S/Imgs/421.jpg,0,0.051061333333333334
./Data/PASCAL-S/Imgs/32.png,./Data/PASCAL-S/Imgs/32.jpg,1,0.1846126126126126
./Data/PASCAL-S/Imgs/447.png,./Data/PASCAL-S/Imgs/447.jpg,4,0.4443834808259587
./Data/PASCAL-S/Imgs/28.png,./Data/PASCAL-S/Imgs/28.jpg,3,0.32792615384615387
./Data/PASCAL-S/Imgs/385.png,./Data/PASCAL-S/Imgs/385.jpg,2,0.2163975903614458
./Data/PASCAL-S/Imgs/162.png,./Data/PASCAL-S/Imgs/162.jpg,3,0.3607109634551495
./Data/PASCAL-S/Imgs/718.png,./Data/PASCAL-S/Imgs/718.jpg,3,0.33330133333333334
./Data/PASCAL-S/Imgs/439.png,./Data/PASCAL-S/Imgs/439.jpg,2,0.28746666666666665
./Data/PASCAL-S/Imgs/809.png,./Data/PASCAL-S/Imgs/809.jpg,3,0.388304
./Data/PASCAL-S/Imgs/561.png,./Data/PASCAL-S/Imgs/561.jpg,4,0.6700266666666667
./Data/PASCAL-S/Imgs/530.png,./Data/PASCAL-S/Imgs/530.jpg,1,0.15736336336336337
./Data/PASCAL-S/Imgs/609.png,./Data/PASCAL-S/Imgs/609.jpg,0,0.039939953810623555
./Data/PASCAL-S/Imgs/760.png,./Data/PASCAL-S/Imgs/760.jpg,2,0.27024
./Data/PASCAL-S/Imgs/789.png,./Data/PASCAL-S/Imgs/789.jpg,4,0.44946218487394957
./Data/PASCAL-S/Imgs/172.png,./Data/PASCAL-S/Imgs/172.jpg,2,0.20607466666666666
./Data/PASCAL-S/Imgs/717.png,./Data/PASCAL-S/Imgs/717.jpg,2,0.24207466666666666
./Data/PASCAL-S/Imgs/89.png,./Data/PASCAL-S/Imgs/89.jpg,2,0.230816
./Data/PASCAL-S/Imgs/80.png,./Data/PASCAL-S/Imgs/80.jpg,2,0.22103466666666666
./Data/PASCAL-S/Imgs/50.png,./Data/PASCAL-S/Imgs/50.jpg,1,0.12321066666666666
./Data/PASCAL-S/Imgs/489.png,./Data/PASCAL-S/Imgs/489.jpg,0,0.09794666666666667
./Data/PASCAL-S/Imgs/34.png,./Data/PASCAL-S/Imgs/34.jpg,2,0.2976525821596244
./Data/PASCAL-S/Imgs/205.png,./Data/PASCAL-S/Imgs/205.jpg,2,0.2807065868263473
./Data/PASCAL-S/Imgs/94.png,./Data/PASCAL-S/Imgs/94.jpg,1,0.10885285285285286
./Data/PASCAL-S/Imgs/53.png,./Data/PASCAL-S/Imgs/53.jpg,1,0.17919466666666667
./Data/PASCAL-S/Imgs/591.png,./Data/PASCAL-S/Imgs/591.jpg,3,0.34770676691729324
./Data/PASCAL-S/Imgs/522.png,./Data/PASCAL-S/Imgs/522.jpg,4,0.4965386666666667
./Data/PASCAL-S/Imgs/209.png,./Data/PASCAL-S/Imgs/209.jpg,0,0.005173333333333334
./Data/PASCAL-S/Imgs/504.png,./Data/PASCAL-S/Imgs/504.jpg,0,0.066416
./Data/PASCAL-S/Imgs/260.png,./Data/PASCAL-S/Imgs/260.jpg,4,0.4838957055214724
./Data/PASCAL-S/Imgs/226.png,./Data/PASCAL-S/Imgs/226.jpg,4,0.4201241830065359
./Data/PASCAL-S/Imgs/696.png,./Data/PASCAL-S/Imgs/696.jpg,4,0.6488081264108352
./Data/PASCAL-S/Imgs/490.png,./Data/PASCAL-S/Imgs/490.jpg,0,0.07492897727272728
./Data/PASCAL-S/Imgs/440.png,./Data/PASCAL-S/Imgs/440.jpg,1,0.10632085561497326
./Data/PASCAL-S/Imgs/649.png,./Data/PASCAL-S/Imgs/649.jpg,0,0.022738738738738738
./Data/PASCAL-S/Imgs/613.png,./Data/PASCAL-S/Imgs/613.jpg,1,0.11886607142857143
./Data/PASCAL-S/Imgs/682.png,./Data/PASCAL-S/Imgs/682.jpg,0,0.009616
./Data/PASCAL-S/Imgs/2.png,./Data/PASCAL-S/Imgs/2.jpg,4,0.43724266666666667
./Data/PASCAL-S/Imgs/248.png,./Data/PASCAL-S/Imgs/248.jpg,0,0.03078078078078078
./Data/PASCAL-S/Imgs/518.png,./Data/PASCAL-S/Imgs/518.jpg,0,0.09724120603015075
./Data/PASCAL-S/Imgs/774.png,./Data/PASCAL-S/Imgs/774.jpg,3,0.3381861861861862
./Data/PASCAL-S/Imgs/725.png,./Data/PASCAL-S/Imgs/725.jpg,4,0.5253560371517028
./Data/PASCAL-S/Imgs/384.png,./Data/PASCAL-S/Imgs/384.jpg,4,0.6553801916932908
./Data/PASCAL-S/Imgs/775.png,./Data/PASCAL-S/Imgs/775.jpg,2,0.27545345345345346
./Data/PASCAL-S/Imgs/708.png,./Data/PASCAL-S/Imgs/708.jpg,0,0.056618666666666664
./Data/PASCAL-S/Imgs/383.png,./Data/PASCAL-S/Imgs/383.jpg,0,0.06579733333333333
./Data/PASCAL-S/Imgs/11.png,./Data/PASCAL-S/Imgs/11.jpg,1,0.19695888417051163
./Data/PASCAL-S/Imgs/686.png,./Data/PASCAL-S/Imgs/686.jpg,2,0.20010133333333333
./Data/PASCAL-S/Imgs/180.png,./Data/PASCAL-S/Imgs/180.jpg,2,0.23943466666666666
./Data/PASCAL-S/Imgs/69.png,./Data/PASCAL-S/Imgs/69.jpg,1,0.15434666666666666
./Data/PASCAL-S/Imgs/527.png,./Data/PASCAL-S/Imgs/527.jpg,4,0.42443733333333333
./Data/PASCAL-S/Imgs/619.png,./Data/PASCAL-S/Imgs/619.jpg,1,0.11350933333333334
./Data/PASCAL-S/Imgs/635.png,./Data/PASCAL-S/Imgs/635.jpg,1,0.17774933333333334
./Data/PASCAL-S/Imgs/697.png,./Data/PASCAL-S/Imgs/697.jpg,4,0.4370059880239521
./Data/PASCAL-S/Imgs/331.png,./Data/PASCAL-S/Imgs/331.jpg,0,0.011370666666666666
./Data/PASCAL-S/Imgs/380.png,./Data/PASCAL-S/Imgs/380.jpg,2,0.24279466666666666
./Data/PASCAL-S/Imgs/437.png,./Data/PASCAL-S/Imgs/437.jpg,0,0.0701921921921922
./Data/PASCAL-S/Imgs/537.png,./Data/PASCAL-S/Imgs/537.jpg,1,0.1396759776536313
./Data/PASCAL-S/Imgs/461.png,./Data/PASCAL-S/Imgs/461.jpg,2,0.224256
./Data/PASCAL-S/Imgs/640.png,./Data/PASCAL-S/Imgs/640.jpg,2,0.22330666666666665
./Data/PASCAL-S/Imgs/578.png,./Data/PASCAL-S/Imgs/578.jpg,0,0.0027573333333333334
./Data/PASCAL-S/Imgs/27.png,./Data/PASCAL-S/Imgs/27.jpg,3,0.38948948948948947
./Data/PASCAL-S/Imgs/612.png,./Data/PASCAL-S/Imgs/612.jpg,1,0.100864
./Data/PASCAL-S/Imgs/219.png,./Data/PASCAL-S/Imgs/219.jpg,4,0.5162088607594937
./Data/PASCAL-S/Imgs/739.png,./Data/PASCAL-S/Imgs/739.jpg,3,0.30921084337349397
./Data/PASCAL-S/Imgs/844.png,./Data/PASCAL-S/Imgs/844.jpg,2,0.26309333333333335
./Data/PASCAL-S/Imgs/634.png,./Data/PASCAL-S/Imgs/634.jpg,4,0.5514729299363057
./Data/PASCAL-S/Imgs/76.png,./Data/PASCAL-S/Imgs/76.jpg,0,0.0986906906906907
./Data/PASCAL-S/Imgs/505.png,./Data/PASCAL-S/Imgs/505.jpg,4,0.4705973333333333
./Data/PASCAL-S/Imgs/454.png,./Data/PASCAL-S/Imgs/454.jpg,2,0.24723415977961433
./Data/PASCAL-S/Imgs/283.png,./Data/PASCAL-S/Imgs/283.jpg,1,0.111824
./Data/PASCAL-S/Imgs/175.png,./Data/PASCAL-S/Imgs/175.jpg,0,0.045642666666666665
./Data/PASCAL-S/Imgs/551.png,./Data/PASCAL-S/Imgs/551.jpg,1,0.11225066666666667
./Data/PASCAL-S/Imgs/588.png,./Data/PASCAL-S/Imgs/588.jpg,0,0.031903713342007804
./Data/PASCAL-S/Imgs/711.png,./Data/PASCAL-S/Imgs/711.jpg,1,0.126396
./Data/PASCAL-S/Imgs/538.png,./Data/PASCAL-S/Imgs/538.jpg,0,0.09619
./Data/PASCAL-S/Imgs/742.png,./Data/PASCAL-S/Imgs/742.jpg,1,0.16009066666666666
./Data/PASCAL-S/Imgs/334.png,./Data/PASCAL-S/Imgs/334.jpg,2,0.2618805970149254
./Data/PASCAL-S/Imgs/802.png,./Data/PASCAL-S/Imgs/802.jpg,3,0.3523793103448276
./Data/PASCAL-S/Imgs/660.png,./Data/PASCAL-S/Imgs/660.jpg,1,0.15354133333333334
./Data/PASCAL-S/Imgs/618.png,./Data/PASCAL-S/Imgs/618.jpg,0,0.0
./Data/PASCAL-S/Imgs/268.png,./Data/PASCAL-S/Imgs/268.jpg,4,0.7217493333333334
./Data/PASCAL-S/Imgs/666.png,./Data/PASCAL-S/Imgs/666.jpg,1,0.14580266666666666
./Data/PASCAL-S/Imgs/435.png,./Data/PASCAL-S/Imgs/435.jpg,0,0.077344
./Data/PASCAL-S/Imgs/784.png,./Data/PASCAL-S/Imgs/784.jpg,1,0.18690666666666667
./Data/PASCAL-S/Imgs/247.png,./Data/PASCAL-S/Imgs/247.jpg,1,0.12073066666666667
./Data/PASCAL-S/Imgs/525.png,./Data/PASCAL-S/Imgs/525.jpg,1,0.15578133333333333
./Data/PASCAL-S/Imgs/161.png,./Data/PASCAL-S/Imgs/161.jpg,1,0.18940266666666666
./Data/PASCAL-S/Imgs/647.png,./Data/PASCAL-S/Imgs/647.jpg,4,0.4192072072072072
./Data/PASCAL-S/Imgs/393.png,./Data/PASCAL-S/Imgs/393.jpg,2,0.25907361963190184
./Data/PASCAL-S/Imgs/183.png,./Data/PASCAL-S/Imgs/183.jpg,3,0.3671450980392157
./Data/PASCAL-S/Imgs/500.png,./Data/PASCAL-S/Imgs/500.jpg,4,0.47984984984984985
./Data/PASCAL-S/Imgs/181.png,./Data/PASCAL-S/Imgs/181.jpg,1,0.17995822454308094
./Data/PASCAL-S/Imgs/847.png,./Data/PASCAL-S/Imgs/847.jpg,0,0.016662650602409637
./Data/PASCAL-S/Imgs/310.png,./Data/PASCAL-S/Imgs/310.jpg,1,0.16194225721784777
./Data/PASCAL-S/Imgs/593.png,./Data/PASCAL-S/Imgs/593.jpg,4,0.5182335329341318
./Data/PASCAL-S/Imgs/466.png,./Data/PASCAL-S/Imgs/466.jpg,0,0.009584
./Data/PASCAL-S/Imgs/285.png,./Data/PASCAL-S/Imgs/285.jpg,3,0.37053453453453455
./Data/PASCAL-S/Imgs/68.png,./Data/PASCAL-S/Imgs/68.jpg,2,0.2621866666666667
./Data/PASCAL-S/Imgs/71.png,./Data/PASCAL-S/Imgs/71.jpg,0,0.08158933333333333
./Data/PASCAL-S/Imgs/559.png,./Data/PASCAL-S/Imgs/559.jpg,2,0.2112072072072072
./Data/PASCAL-S/Imgs/300.png,./Data/PASCAL-S/Imgs/300.jpg,0,0.060528
./Data/PASCAL-S/Imgs/563.png,./Data/PASCAL-S/Imgs/563.jpg,2,0.2953226666666667
./Data/PASCAL-S/Imgs/325.png,./Data/PASCAL-S/Imgs/325.jpg,0,0.06284593837535014
./Data/PASCAL-S/Imgs/232.png,./Data/PASCAL-S/Imgs/232.jpg,2,0.24736336336336337
./Data/PASCAL-S/Imgs/241.png,./Data/PASCAL-S/Imgs/241.jpg,2,0.2775975975975976
./Data/PASCAL-S/Imgs/274.png,./Data/PASCAL-S/Imgs/274.jpg,4,0.48020266666666667
./Data/PASCAL-S/Imgs/465.png,./Data/PASCAL-S/Imgs/465.jpg,2,0.213816
./Data/PASCAL-S/Imgs/631.png,./Data/PASCAL-S/Imgs/631.jpg,4,0.5797959183673469
./Data/PASCAL-S/Imgs/355.png,./Data/PASCAL-S/Imgs/355.jpg,0,0.06483333333333334
./Data/PASCAL-S/Imgs/580.png,./Data/PASCAL-S/Imgs/580.jpg,4,0.6126026666666666
./Data/PASCAL-S/Imgs/141.png,./Data/PASCAL-S/Imgs/141.jpg,1,0.13437333333333334
./Data/PASCAL-S/Imgs/288.png,./Data/PASCAL-S/Imgs/288.jpg,1,0.16147147147147148
./Data/PASCAL-S/Imgs/199.png,./Data/PASCAL-S/Imgs/199.jpg,3,0.3445546666666667
./Data/PASCAL-S/Imgs/129.png,./Data/PASCAL-S/Imgs/129.jpg,1,0.17731584821428573
./Data/PASCAL-S/Imgs/367.png,./Data/PASCAL-S/Imgs/367.jpg,4,0.4002562277580071
./Data/PASCAL-S/Imgs/471.png,./Data/PASCAL-S/Imgs/471.jpg,1,0.199824
./Data/PASCAL-S/Imgs/544.png,./Data/PASCAL-S/Imgs/544.jpg,0,0.08234730538922155
./Data/PASCAL-S/Imgs/315.png,./Data/PASCAL-S/Imgs/315.jpg,2,0.235061797752809
./Data/PASCAL-S/Imgs/407.png,./Data/PASCAL-S/Imgs/407.jpg,3,0.39076876876876876
./Data/PASCAL-S/Imgs/442.png,./Data/PASCAL-S/Imgs/442.jpg,2,0.2631253333333333
./Data/PASCAL-S/Imgs/746.png,./Data/PASCAL-S/Imgs/746.jpg,4,0.5683543543543543
./Data/PASCAL-S/Imgs/36.png,./Data/PASCAL-S/Imgs/36.jpg,1,0.15910357981220657
./Data/PASCAL-S/Imgs/709.png,./Data/PASCAL-S/Imgs/709.jpg,4,0.42752
./Data/PASCAL-S/Imgs/31.png,./Data/PASCAL-S/Imgs/31.jpg,2,0.280592
./Data/PASCAL-S/Imgs/18.png,./Data/PASCAL-S/Imgs/18.jpg,4,0.728112
./Data/PASCAL-S/Imgs/282.png,./Data/PASCAL-S/Imgs/282.jpg,3,0.37545945945945947
./Data/PASCAL-S/Imgs/109.png,./Data/PASCAL-S/Imgs/109.jpg,4,0.6052462526766595
./Data/PASCAL-S/Imgs/10.png,./Data/PASCAL-S/Imgs/10.jpg,0,0.06083385579937304
./Data/PASCAL-S/Imgs/150.png,./Data/PASCAL-S/Imgs/150.jpg,0,0.050198675496688744
./Data/PASCAL-S/Imgs/449.png,./Data/PASCAL-S/Imgs/449.jpg,1,0.13415165876777252
./Data/PASCAL-S/Imgs/599.png,./Data/PASCAL-S/Imgs/599.jpg,2,0.23823466666666668
./Data/PASCAL-S/Imgs/713.png,./Data/PASCAL-S/Imgs/713.jpg,1,0.150328
./Data/PASCAL-S/Imgs/132.png,./Data/PASCAL-S/Imgs/132.jpg,3,0.3710346666666667
./Data/PASCAL-S/Imgs/169.png,./Data/PASCAL-S/Imgs/169.jpg,4,0.5647786666666667
./Data/PASCAL-S/Imgs/12.png,./Data/PASCAL-S/Imgs/12.jpg,4,0.5972853333333333
./Data/PASCAL-S/Imgs/654.png,./Data/PASCAL-S/Imgs/654.jpg,1,0.14697066666666667
./Data/PASCAL-S/Imgs/767.png,./Data/PASCAL-S/Imgs/767.jpg,4,0.8171733333333333
./Data/PASCAL-S/Imgs/142.png,./Data/PASCAL-S/Imgs/142.jpg,4,0.5693899669694468
./Data/PASCAL-S/Imgs/400.png,./Data/PASCAL-S/Imgs/400.jpg,0,0.06544144144144144
./Data/PASCAL-S/Imgs/98.png,./Data/PASCAL-S/Imgs/98.jpg,3,0.30286779539824815
./Data/PASCAL-S/Imgs/70.png,./Data/PASCAL-S/Imgs/70.jpg,0,0.05847466666666667
./Data/PASCAL-S/Imgs/850.png,./Data/PASCAL-S/Imgs/850.jpg,4,0.442944
./Data/PASCAL-S/Imgs/88.png,./Data/PASCAL-S/Imgs/88.jpg,1,0.15267267267267268
./Data/PASCAL-S/Imgs/131.png,./Data/PASCAL-S/Imgs/131.jpg,4,0.4040106666666667
./Data/PASCAL-S/Imgs/493.png,./Data/PASCAL-S/Imgs/493.jpg,0,0.008549333333333334
./Data/PASCAL-S/Imgs/348.png,./Data/PASCAL-S/Imgs/348.jpg,2,0.2978862275449102
./Data/PASCAL-S/Imgs/545.png,./Data/PASCAL-S/Imgs/545.jpg,0,0.05993548387096774
./Data/PASCAL-S/Imgs/157.png,./Data/PASCAL-S/Imgs/157.jpg,3,0.358016
./Data/PASCAL-S/Imgs/600.png,./Data/PASCAL-S/Imgs/600.jpg,0,0.007770666666666667
./Data/PASCAL-S/Imgs/193.png,./Data/PASCAL-S/Imgs/193.jpg,2,0.21726099706744867
./Data/PASCAL-S/Imgs/615.png,./Data/PASCAL-S/Imgs/615.jpg,1,0.11843988269794721
./Data/PASCAL-S/Imgs/197.png,./Data/PASCAL-S/Imgs/197.jpg,3,0.3341635220125786
./Data/PASCAL-S/Imgs/266.png,./Data/PASCAL-S/Imgs/266.jpg,2,0.24176
./Data/PASCAL-S/Imgs/662.png,./Data/PASCAL-S/Imgs/662.jpg,3,0.384809667673716
./Data/PASCAL-S/Imgs/256.png,./Data/PASCAL-S/Imgs/256.jpg,0,0.005584
./Data/PASCAL-S/Imgs/419.png,./Data/PASCAL-S/Imgs/419.jpg,2,0.20416071428571428
./Data/PASCAL-S/Imgs/376.png,./Data/PASCAL-S/Imgs/376.jpg,0,0.06963733333333333
./Data/PASCAL-S/Imgs/328.png,./Data/PASCAL-S/Imgs/328.jpg,0,0.08845866666666667
./Data/PASCAL-S/Imgs/349.png,./Data/PASCAL-S/Imgs/349.jpg,2,0.21155733333333332
./Data/PASCAL-S/Imgs/744.png,./Data/PASCAL-S/Imgs/744.jpg,3,0.31412266666666666
./Data/PASCAL-S/Imgs/345.png,./Data/PASCAL-S/Imgs/345.jpg,1,0.13406606606606605
./Data/PASCAL-S/Imgs/783.png,./Data/PASCAL-S/Imgs/783.jpg,2,0.25461333333333336
./Data/PASCAL-S/Imgs/741.png,./Data/PASCAL-S/Imgs/741.jpg,1,0.10580266666666667
./Data/PASCAL-S/Imgs/211.png,./Data/PASCAL-S/Imgs/211.jpg,1,0.14186666666666667
./Data/PASCAL-S/Imgs/596.png,./Data/PASCAL-S/Imgs/596.jpg,0,0.013733333333333334
./Data/PASCAL-S/Imgs/456.png,./Data/PASCAL-S/Imgs/456.jpg,2,0.272016
./Data/PASCAL-S/Imgs/724.png,./Data/PASCAL-S/Imgs/724.jpg,0,0.06769066666666666
./Data/PASCAL-S/Imgs/808.png,./Data/PASCAL-S/Imgs/808.jpg,3,0.3316851851851852
./Data/PASCAL-S/Imgs/286.png,./Data/PASCAL-S/Imgs/286.jpg,2,0.2729249249249249
./Data/PASCAL-S/Imgs/614.png,./Data/PASCAL-S/Imgs/614.jpg,0,0.04388266666666667
./Data/PASCAL-S/Imgs/391.png,./Data/PASCAL-S/Imgs/391.jpg,3,0.3471939393939394
./Data/PASCAL-S/Imgs/210.png,./Data/PASCAL-S/Imgs/210.jpg,0,0.08118933333333334
./Data/PASCAL-S/Imgs/444.png,./Data/PASCAL-S/Imgs/444.jpg,3,0.3451786666666667
./Data/PASCAL-S/Imgs/458.png,./Data/PASCAL-S/Imgs/458.jpg,2,0.20387733333333333
./Data/PASCAL-S/Imgs/106.png,./Data/PASCAL-S/Imgs/106.jpg,1,0.18371733333333334
./Data/PASCAL-S/Imgs/294.png,./Data/PASCAL-S/Imgs/294.jpg,0,0.03016
./Data/PASCAL-S/Imgs/702.png,./Data/PASCAL-S/Imgs/702.jpg,4,0.42810852713178293
./Data/PASCAL-S/Imgs/830.png,./Data/PASCAL-S/Imgs/830.jpg,3,0.3725568862275449
./Data/PASCAL-S/Imgs/836.png,./Data/PASCAL-S/Imgs/836.jpg,1,0.141632
./Data/PASCAL-S/Imgs/533.png,./Data/PASCAL-S/Imgs/533.jpg,1,0.16744144144144144
./Data/PASCAL-S/Imgs/59.png,./Data/PASCAL-S/Imgs/59.jpg,2,0.26331
./Data/PASCAL-S/Imgs/698.png,./Data/PASCAL-S/Imgs/698.jpg,0,0.096176
./Data/PASCAL-S/Imgs/95.png,./Data/PASCAL-S/Imgs/95.jpg,1,0.14415673981191224
./Data/PASCAL-S/Imgs/793.png,./Data/PASCAL-S/Imgs/793.jpg,3,0.309728
./Data/PASCAL-S/Imgs/838.png,./Data/PASCAL-S/Imgs/838.jpg,2,0.21694545454545455
./Data/PASCAL-S/Imgs/778.png,./Data/PASCAL-S/Imgs/778.jpg,0,0.04423226230291448
./Data/PASCAL-S/Imgs/110.png,./Data/PASCAL-S/Imgs/110.jpg,0,0.035909333333333335
./Data/PASCAL-S/Imgs/766.png,./Data/PASCAL-S/Imgs/766.jpg,3,0.30533866666666665
./Data/PASCAL-S/Imgs/482.png,./Data/PASCAL-S/Imgs/482.jpg,0,0.07712261580381471
./Data/PASCAL-S/Imgs/316.png,./Data/PASCAL-S/Imgs/316.jpg,3,0.317504
./Data/PASCAL-S/Imgs/342.png,./Data/PASCAL-S/Imgs/342.jpg,0,0.09585585585585586
./Data/PASCAL-S/Imgs/206.png,./Data/PASCAL-S/Imgs/206.jpg,4,0.512544
./Data/PASCAL-S/Imgs/236.png,./Data/PASCAL-S/Imgs/236.jpg,4,0.50672
./Data/PASCAL-S/Imgs/568.png,./Data/PASCAL-S/Imgs/568.jpg,0,0.009402666666666667
./Data/PASCAL-S/Imgs/637.png,./Data/PASCAL-S/Imgs/637.jpg,4,0.4376927374301676
./Data/PASCAL-S/Imgs/679.png,./Data/PASCAL-S/Imgs/679.jpg,4,0.4699466666666667
./Data/PASCAL-S/Imgs/231.png,./Data/PASCAL-S/Imgs/231.jpg,2,0.27082133333333336
./Data/PASCAL-S/Imgs/85.png,./Data/PASCAL-S/Imgs/85.jpg,0,0.03682133333333333
./Data/PASCAL-S/Imgs/763.png,./Data/PASCAL-S/Imgs/763.jpg,4,0.557456
./Data/PASCAL-S/Imgs/756.png,./Data/PASCAL-S/Imgs/756.jpg,2,0.24491733333333332
./Data/PASCAL-S/Imgs/49.png,./Data/PASCAL-S/Imgs/49.jpg,2,0.2821129943502825
./Data/PASCAL-S/Imgs/112.png,./Data/PASCAL-S/Imgs/112.jpg,0,0.09789333333333333
./Data/PASCAL-S/Imgs/515.png,./Data/PASCAL-S/Imgs/515.jpg,3,0.3866126126126126
./Data/PASCAL-S/Imgs/280.png,./Data/PASCAL-S/Imgs/280.jpg,0,0.04092561983471074
./Data/PASCAL-S/Imgs/354.png,./Data/PASCAL-S/Imgs/354.jpg,1,0.18804204204204203
./Data/PASCAL-S/Imgs/569.png,./Data/PASCAL-S/Imgs/569.jpg,0,0.021257617728531856
./Data/PASCAL-S/Imgs/116.png,./Data/PASCAL-S/Imgs/116.jpg,3,0.3108062827225131
./Data/PASCAL-S/Imgs/846.png,./Data/PASCAL-S/Imgs/846.jpg,3,0.36243243243243245
./Data/PASCAL-S/Imgs/126.png,./Data/PASCAL-S/Imgs/126.jpg,2,0.2889309309309309
./Data/PASCAL-S/Imgs/554.png,./Data/PASCAL-S/Imgs/554.jpg,2,0.2177436974789916
./Data/PASCAL-S/Imgs/653.png,./Data/PASCAL-S/Imgs/653.jpg,0,0.047856
./Data/PASCAL-S/Imgs/806.png,./Data/PASCAL-S/Imgs/806.jpg,3,0.37145066666666665
./Data/PASCAL-S/Imgs/451.png,./Data/PASCAL-S/Imgs/451.jpg,1,0.14583333333333334
./Data/PASCAL-S/Imgs/494.png,./Data/PASCAL-S/Imgs/494.jpg,4,0.68472
./Data/PASCAL-S/Imgs/370.png,./Data/PASCAL-S/Imgs/370.jpg,4,0.42843243243243245
./Data/PASCAL-S/Imgs/143.png,./Data/PASCAL-S/Imgs/143.jpg,1,0.1233093093093093
./Data/PASCAL-S/Imgs/630.png,./Data/PASCAL-S/Imgs/630.jpg,4,0.45222384428223844
./Data/PASCAL-S/Imgs/825.png,./Data/PASCAL-S/Imgs/825.jpg,0,0.09514714714714714
./Data/PASCAL-S/Imgs/531.png,./Data/PASCAL-S/Imgs/531.jpg,2,0.2615530474040632
./Data/PASCAL-S/Imgs/30.png,./Data/PASCAL-S/Imgs/30.jpg,2,0.26821866666666666
./Data/PASCAL-S/Imgs/332.png,./Data/PASCAL-S/Imgs/332.jpg,1,0.15778666666666666
./Data/PASCAL-S/Imgs/324.png,./Data/PASCAL-S/Imgs/324.jpg,1,0.1002369337979094
./Data/PASCAL-S/Imgs/674.png,./Data/PASCAL-S/Imgs/674.jpg,2,0.215616
./Data/PASCAL-S/Imgs/242.png,./Data/PASCAL-S/Imgs/242.jpg,0,0.028613333333333334
./Data/PASCAL-S/Imgs/814.png,./Data/PASCAL-S/Imgs/814.jpg,4,0.472208
./Data/PASCAL-S/Imgs/97.png,./Data/PASCAL-S/Imgs/97.jpg,1,0.143616
./Data/PASCAL-S/Imgs/360.png,./Data/PASCAL-S/Imgs/360.jpg,2,0.21647466666666668
./Data/PASCAL-S/Imgs/118.png,./Data/PASCAL-S/Imgs/118.jpg,2,0.2444955223880597
./Data/PASCAL-S/Imgs/502.png,./Data/PASCAL-S/Imgs/502.jpg,2,0.25745066666666666
./Data/PASCAL-S/Imgs/595.png,./Data/PASCAL-S/Imgs/595.jpg,4,0.474752
./Data/PASCAL-S/Imgs/621.png,./Data/PASCAL-S/Imgs/621.jpg,2,0.266067432129999
./Data/PASCAL-S/Imgs/65.png,./Data/PASCAL-S/Imgs/65.jpg,1,0.15734534534534533
./Data/PASCAL-S/Imgs/186.png,./Data/PASCAL-S/Imgs/186.jpg,4,0.443408
./Data/PASCAL-S/Imgs/230.png,./Data/PASCAL-S/Imgs/230.jpg,0,0.08539733333333334
./Data/PASCAL-S/Imgs/390.png,./Data/PASCAL-S/Imgs/390.jpg,2,0.2874114114114114
./Data/PASCAL-S/Imgs/677.png,./Data/PASCAL-S/Imgs/677.jpg,4,0.5565333333333333
./Data/PASCAL-S/Imgs/732.png,./Data/PASCAL-S/Imgs/732.jpg,3,0.30311834319526626
./Data/PASCAL-S/Imgs/704.png,./Data/PASCAL-S/Imgs/704.jpg,1,0.15212266666666666
./Data/PASCAL-S/Imgs/740.png,./Data/PASCAL-S/Imgs/740.jpg,0,0.03239322033898305
./Data/PASCAL-S/Imgs/261.png,./Data/PASCAL-S/Imgs/261.jpg,3,0.39020266666666664
./Data/PASCAL-S/Imgs/503.png,./Data/PASCAL-S/Imgs/503.jpg,2,0.22319277108433735
./Data/PASCAL-S/Imgs/508.png,./Data/PASCAL-S/Imgs/508.jpg,0,0.043104
./Data/PASCAL-S/Imgs/330.png,./Data/PASCAL-S/Imgs/330.jpg,0,0.06028342245989305
./Data/PASCAL-S/Imgs/144.png,./Data/PASCAL-S/Imgs/144.jpg,3,0.318912
./Data/PASCAL-S/Imgs/683.png,./Data/PASCAL-S/Imgs/683.jpg,4,0.6369066666666666
./Data/PASCAL-S/Imgs/245.png,./Data/PASCAL-S/Imgs/245.jpg,1,0.18072
./Data/PASCAL-S/Imgs/249.png,./Data/PASCAL-S/Imgs/249.jpg,2,0.210864
./Data/PASCAL-S/Imgs/192.png,./Data/PASCAL-S/Imgs/192.jpg,2,0.29241066666666665
./Data/PASCAL-S/Imgs/23.png,./Data/PASCAL-S/Imgs/23.jpg,0,0.09400533333333333
./Data/PASCAL-S/Imgs/93.png,./Data/PASCAL-S/Imgs/93.jpg,2,0.278704
./Data/PASCAL-S/Imgs/521.png,./Data/PASCAL-S/Imgs/521.jpg,3,0.34344144144144145
./Data/PASCAL-S/Imgs/104.png,./Data/PASCAL-S/Imgs/104.jpg,3,0.38442133333333334
./Data/PASCAL-S/Imgs/173.png,./Data/PASCAL-S/Imgs/173.jpg,2,0.25639466666666666
./Data/PASCAL-S/Imgs/626.png,./Data/PASCAL-S/Imgs/626.jpg,4,0.4226893203883495
./Data/PASCAL-S/Imgs/829.png,./Data/PASCAL-S/Imgs/829.jpg,3,0.3353386666666667
./Data/PASCAL-S/Imgs/823.png,./Data/PASCAL-S/Imgs/823.jpg,4,0.6504906666666667
./Data/PASCAL-S/Imgs/638.png,./Data/PASCAL-S/Imgs/638.jpg,1,0.18354666666666666
./Data/PASCAL-S/Imgs/388.png,./Data/PASCAL-S/Imgs/388.jpg,3,0.31636
./Data/PASCAL-S/Imgs/259.png,./Data/PASCAL-S/Imgs/259.jpg,0,0.085728
./Data/PASCAL-S/Imgs/22.png,./Data/PASCAL-S/Imgs/22.jpg,0,0.015325443786982248
./Data/PASCAL-S/Imgs/203.png,./Data/PASCAL-S/Imgs/203.jpg,4,0.663776
./Data/PASCAL-S/Imgs/571.png,./Data/PASCAL-S/Imgs/571.jpg,4,0.5004583333333333
./Data/PASCAL-S/Imgs/39.png,./Data/PASCAL-S/Imgs/39.jpg,0,0.006792792792792793
./Data/PASCAL-S/Imgs/509.png,./Data/PASCAL-S/Imgs/509.jpg,0,0.07722666666666667
./Data/PASCAL-S/Imgs/170.png,./Data/PASCAL-S/Imgs/170.jpg,3,0.3816273291925466
./Data/PASCAL-S/Imgs/290.png,./Data/PASCAL-S/Imgs/290.jpg,4,0.4550990099009901
./Data/PASCAL-S/Imgs/770.png,./Data/PASCAL-S/Imgs/770.jpg,1,0.1518622754491018
./Data/PASCAL-S/Imgs/254.png,./Data/PASCAL-S/Imgs/254.jpg,1,0.19954133333333332
./Data/PASCAL-S/Imgs/807.png,./Data/PASCAL-S/Imgs/807.jpg,0,0.08198933333333333
./Data/PASCAL-S/Imgs/333.png,./Data/PASCAL-S/Imgs/333.jpg,1,0.13412012012012012
./Data/PASCAL-S/Imgs/225.png,./Data/PASCAL-S/Imgs/225.jpg,0,0.05728528528528529
./Data/PASCAL-S/Imgs/831.png,./Data/PASCAL-S/Imgs/831.jpg,2,0.20481081081081082
./Data/PASCAL-S/Imgs/617.png,./Data/PASCAL-S/Imgs/617.jpg,4,0.474288
./Data/PASCAL-S/Imgs/498.png,./Data/PASCAL-S/Imgs/498.jpg,2,0.2712979797979798
./Data/PASCAL-S/Imgs/21.png,./Data/PASCAL-S/Imgs/21.jpg,2,0.22089066666666668
./Data/PASCAL-S/Imgs/541.png,./Data/PASCAL-S/Imgs/541.jpg,2,0.2917838541666667
./Data/PASCAL-S/Imgs/769.png,./Data/PASCAL-S/Imgs/769.jpg,1,0.16345066666666666
./Data/PASCAL-S/Imgs/81.png,./Data/PASCAL-S/Imgs/81.jpg,4,0.43561066666666665
./Data/PASCAL-S/Imgs/549.png,./Data/PASCAL-S/Imgs/549.jpg,0,0.052602666666666666
./Data/PASCAL-S/Imgs/841.png,./Data/PASCAL-S/Imgs/841.jpg,0,0.07304
./Data/PASCAL-S/Imgs/320.png,./Data/PASCAL-S/Imgs/320.jpg,4,0.5301169590643274
./Data/PASCAL-S/Imgs/4.png,./Data/PASCAL-S/Imgs/4.jpg,3,0.386256
./Data/PASCAL-S/Imgs/255.png,./Data/PASCAL-S/Imgs/255.jpg,1,0.17539522546419098
./Data/PASCAL-S/Imgs/281.png,./Data/PASCAL-S/Imgs/281.jpg,0,0.08540540540540541
./Data/PASCAL-S/Imgs/484.png,./Data/PASCAL-S/Imgs/484.jpg,1,0.15361878453038674
./Data/PASCAL-S/Imgs/312.png,./Data/PASCAL-S/Imgs/312.jpg,1,0.156304
./Data/PASCAL-S/Imgs/734.png,./Data/PASCAL-S/Imgs/734.jpg,4,0.4846666666666667
./Data/PASCAL-S/Imgs/160.png,./Data/PASCAL-S/Imgs/160.jpg,0,0.06751466666666667
./Data/PASCAL-S/Imgs/308.png,./Data/PASCAL-S/Imgs/308.jpg,0,0.07030444964871195
./Data/PASCAL-S/Imgs/125.png,./Data/PASCAL-S/Imgs/125.jpg,1,0.15310833333333335
./Data/PASCAL-S/Imgs/406.png,./Data/PASCAL-S/Imgs/406.jpg,4,0.5136426666666667
./Data/PASCAL-S/Imgs/598.png,./Data/PASCAL-S/Imgs/598.jpg,4,0.63182
./Data/PASCAL-S/Imgs/715.png,./Data/PASCAL-S/Imgs/715.jpg,3,0.3728048048048048
./Data/PASCAL-S/Imgs/486.png,./Data/PASCAL-S/Imgs/486.jpg,1,0.1183248730964467
./Data/PASCAL-S/Imgs/90.png,./Data/PASCAL-S/Imgs/90.jpg,2,0.22577303383630545
./Data/PASCAL-S/Imgs/483.png,./Data/PASCAL-S/Imgs/483.jpg,3,0.36767466666666665
./Data/PASCAL-S/Imgs/152.png,./Data/PASCAL-S/Imgs/152.jpg,2,0.20602133333333333
./Data/PASCAL-S/Imgs/687.png,./Data/PASCAL-S/Imgs/687.jpg,2,0.26100890207715133
./Data/PASCAL-S/Imgs/539.png,./Data/PASCAL-S/Imgs/539.jpg,0,0.011695187165775401
./Data/PASCAL-S/Imgs/298.png,./Data/PASCAL-S/Imgs/298.jpg,3,0.32428813559322034
./Data/PASCAL-S/Imgs/372.png,./Data/PASCAL-S/Imgs/372.jpg,2,0.22924324324324324
./Data/PASCAL-S/Imgs/842.png,./Data/PASCAL-S/Imgs/842.jpg,0,0.029285333333333333
./Data/PASCAL-S/Imgs/695.png,./Data/PASCAL-S/Imgs/695.jpg,4,0.5983146666666667
./Data/PASCAL-S/Imgs/113.png,./Data/PASCAL-S/Imgs/113.jpg,3,0.34282282282282284
./Data/PASCAL-S/Imgs/82.png,./Data/PASCAL-S/Imgs/82.jpg,3,0.3334255319148936
./Data/PASCAL-S/Imgs/448.png,./Data/PASCAL-S/Imgs/448.jpg,2,0.20995795795795796
./Data/PASCAL-S/Imgs/532.png,./Data/PASCAL-S/Imgs/532.jpg,1,0.11449066666666667
./Data/PASCAL-S/Imgs/356.png,./Data/PASCAL-S/Imgs/356.jpg,0,0.025045333333333333
./Data/PASCAL-S/Imgs/487.png,./Data/PASCAL-S/Imgs/487.jpg,1,0.11077929155313351
./Data/PASCAL-S/Imgs/202.png,./Data/PASCAL-S/Imgs/202.jpg,3,0.3647927927927928
./Data/PASCAL-S/Imgs/477.png,./Data/PASCAL-S/Imgs/477.jpg,2,0.22984
./Data/PASCAL-S/Imgs/824.png,./Data/PASCAL-S/Imgs/824.jpg,0,0.03664
./Data/PASCAL-S/Imgs/296.png,./Data/PASCAL-S/Imgs/296.jpg,1,0.13990123456790124
./Data/PASCAL-S/Imgs/233.png,./Data/PASCAL-S/Imgs/233.jpg,1,0.126752
./Data/PASCAL-S/Imgs/795.png,./Data/PASCAL-S/Imgs/795.jpg,1,0.1533456790123457
./Data/PASCAL-S/Imgs/9.png,./Data/PASCAL-S/Imgs/9.jpg,4,0.46290133333333333
./Data/PASCAL-S/Imgs/716.png,./Data/PASCAL-S/Imgs/716.jpg,0,0.094816
./Data/PASCAL-S/Imgs/433.png,./Data/PASCAL-S/Imgs/433.jpg,1,0.11562666666666667
./Data/PASCAL-S/Imgs/667.png,./Data/PASCAL-S/Imgs/667.jpg,2,0.2771591591591592
./Data/PASCAL-S/Imgs/153.png,./Data/PASCAL-S/Imgs/153.jpg,0,0.0778918918918919
./Data/PASCAL-S/Imgs/669.png,./Data/PASCAL-S/Imgs/669.jpg,0,0.063312
./Data/PASCAL-S/Imgs/567.png,./Data/PASCAL-S/Imgs/567.jpg,0,0.06868666666666666
./Data/PASCAL-S/Imgs/319.png,./Data/PASCAL-S/Imgs/319.jpg,4,0.8006186186186186
./Data/PASCAL-S/Imgs/565.png,./Data/PASCAL-S/Imgs/565.jpg,2,0.2363003003003003
./Data/PASCAL-S/Imgs/790.png,./Data/PASCAL-S/Imgs/790.jpg,1,0.10152533333333333
./Data/PASCAL-S/Imgs/55.png,./Data/PASCAL-S/Imgs/55.jpg,2,0.2178587962962963
./Data/PASCAL-S/Imgs/149.png,./Data/PASCAL-S/Imgs/149.jpg,3,0.39772266666666667
./Data/PASCAL-S/Imgs/326.png,./Data/PASCAL-S/Imgs/326.jpg,0,0.09842642642642643
./Data/PASCAL-S/Imgs/628.png,./Data/PASCAL-S/Imgs/628.jpg,2,0.2589653333333333
./Data/PASCAL-S/Imgs/40.png,./Data/PASCAL-S/Imgs/40.jpg,1,0.174176
./Data/PASCAL-S/Imgs/191.png,./Data/PASCAL-S/Imgs/191.jpg,1,0.141808
./Data/PASCAL-S/Imgs/392.png,./Data/PASCAL-S/Imgs/392.jpg,1,0.18672533333333333
./Data/PASCAL-S/Imgs/817.png,./Data/PASCAL-S/Imgs/817.jpg,0,0.062432
./Data/PASCAL-S/Imgs/496.png,./Data/PASCAL-S/Imgs/496.jpg,0,0.021135135135135135
./Data/PASCAL-S/Imgs/570.png,./Data/PASCAL-S/Imgs/570.jpg,2,0.209232
./Data/PASCAL-S/Imgs/701.png,./Data/PASCAL-S/Imgs/701.jpg,1,0.189184
./Data/PASCAL-S/Imgs/540.png,./Data/PASCAL-S/Imgs/540.jpg,0,0.08902717391304348
./Data/PASCAL-S/Imgs/799.png,./Data/PASCAL-S/Imgs/799.jpg,4,0.5001984126984127
./Data/PASCAL-S/Imgs/843.png,./Data/PASCAL-S/Imgs/843.jpg,4,0.46786666666666665
./Data/PASCAL-S/Imgs/351.png,./Data/PASCAL-S/Imgs/351.jpg,0,0.09220320855614973
./Data/PASCAL-S/Imgs/127.png,./Data/PASCAL-S/Imgs/127.jpg,1,0.13714114114114115
./Data/PASCAL-S/Imgs/344.png,./Data/PASCAL-S/Imgs/344.jpg,0,0.057054704595185995
./Data/PASCAL-S/Imgs/229.png,./Data/PASCAL-S/Imgs/229.jpg,4,0.477474801061008
./Data/PASCAL-S/Imgs/427.png,./Data/PASCAL-S/Imgs/427.jpg,0,0.09718933333333334
./Data/PASCAL-S/Imgs/188.png,./Data/PASCAL-S/Imgs/188.jpg,3,0.307024
./Data/PASCAL-S/Imgs/314.png,./Data/PASCAL-S/Imgs/314.jpg,0,0.048416
./Data/PASCAL-S/Imgs/750.png,./Data/PASCAL-S/Imgs/750.jpg,1,0.11235733333333334
./Data/PASCAL-S/Imgs/389.png,./Data/PASCAL-S/Imgs/389.jpg,2,0.2077117117117117
./Data/PASCAL-S/Imgs/177.png,./Data/PASCAL-S/Imgs/177.jpg,1,0.15170133333333333
./Data/PASCAL-S/Imgs/605.png,./Data/PASCAL-S/Imgs/605.jpg,4,0.5744610778443113
./Data/PASCAL-S/Imgs/100.png,./Data/PASCAL-S/Imgs/100.jpg,1,0.11495466666666666
./Data/PASCAL-S/Imgs/240.png,./Data/PASCAL-S/Imgs/240.jpg,1,0.102368
./Data/PASCAL-S/Imgs/553.png,./Data/PASCAL-S/Imgs/553.jpg,0,0.05533333333333333
./Data/PASCAL-S/Imgs/643.png,./Data/PASCAL-S/Imgs/643.jpg,3,0.357872
./Data/PASCAL-S/Imgs/402.png,./Data/PASCAL-S/Imgs/402.jpg,1,0.19675075075075074
./Data/PASCAL-S/Imgs/791.png,./Data/PASCAL-S/Imgs/791.jpg,2,0.2857657657657658
./Data/PASCAL-S/Imgs/673.png,./Data/PASCAL-S/Imgs/673.jpg,4,0.449984
./Data/PASCAL-S/Imgs/86.png,./Data/PASCAL-S/Imgs/86.jpg,2,0.2691550802139037
./Data/PASCAL-S/Imgs/387.png,./Data/PASCAL-S/Imgs/387.jpg,4,0.7049633251833741
./Data/PASCAL-S/Imgs/413.png,./Data/PASCAL-S/Imgs/413.jpg,1,0.17075075075075075
./Data/PASCAL-S/Imgs/222.png,./Data/PASCAL-S/Imgs/222.jpg,1,0.12101333333333333
./Data/PASCAL-S/Imgs/134.png,./Data/PASCAL-S/Imgs/134.jpg,1,0.1816816816816817
./Data/PASCAL-S/Imgs/747.png,./Data/PASCAL-S/Imgs/747.jpg,2,0.22599
./Data/PASCAL-S/Imgs/5.png,./Data/PASCAL-S/Imgs/5.jpg,0,0.09954133333333333
./Data/PASCAL-S/Imgs/787.png,./Data/PASCAL-S/Imgs/787.jpg,0,0.053424
./Data/PASCAL-S/Imgs/62.png,./Data/PASCAL-S/Imgs/62.jpg,2,0.29472533333333334
./Data/PASCAL-S/Imgs/826.png,./Data/PASCAL-S/Imgs/826.jpg,0,0.087344
./Data/PASCAL-S/Imgs/14.png,./Data/PASCAL-S/Imgs/14.jpg,0,0.0035976331360946744
./Data/PASCAL-S/Imgs/64.png,./Data/PASCAL-S/Imgs/64.jpg,0,0.053800511508951404
./Data/PASCAL-S/Imgs/190.png,./Data/PASCAL-S/Imgs/190.jpg,2,0.20642133333333335
./Data/PASCAL-S/Imgs/672.png,./Data/PASCAL-S/Imgs/672.jpg,3,0.305168
./Data/PASCAL-S/Imgs/524.png,./Data/PASCAL-S/Imgs/524.jpg,0,0.03149700598802395
./Data/PASCAL-S/Imgs/445.png,./Data/PASCAL-S/Imgs/445.jpg,4,0.42923733333333336
./Data/PASCAL-S/Imgs/189.png,./Data/PASCAL-S/Imgs/189.jpg,3,0.390944
./Data/PASCAL-S/Imgs/833.png,./Data/PASCAL-S/Imgs/833.jpg,4,0.444208
./Data/PASCAL-S/Imgs/575.png,./Data/PASCAL-S/Imgs/575.jpg,4,0.419888
./Data/PASCAL-S/Imgs/121.png,./Data/PASCAL-S/Imgs/121.jpg,4,0.593664
./Data/PASCAL-S/Imgs/72.png,./Data/PASCAL-S/Imgs/72.jpg,2,0.29195733333333335
./Data/PASCAL-S/Imgs/101.png,./Data/PASCAL-S/Imgs/101.jpg,1,0.17144533333333334
./Data/PASCAL-S/Imgs/362.png,./Data/PASCAL-S/Imgs/362.jpg,0,0.05285285285285285
./Data/PASCAL-S/Imgs/601.png,./Data/PASCAL-S/Imgs/601.jpg,0,0.009251497005988023
./Data/PASCAL-S/Imgs/743.png,./Data/PASCAL-S/Imgs/743.jpg,1,0.15129066666666666
./Data/PASCAL-S/Imgs/622.png,./Data/PASCAL-S/Imgs/622.jpg,0,0.0
./Data/PASCAL-S/Imgs/757.png,./Data/PASCAL-S/Imgs/757.jpg,3,0.3189390243902439
./Data/PASCAL-S/Imgs/250.png,./Data/PASCAL-S/Imgs/250.jpg,3,0.35926900584795324
./Data/PASCAL-S/Imgs/762.png,./Data/PASCAL-S/Imgs/762.jpg,3,0.38754626865671643
./Data/PASCAL-S/Imgs/130.png,./Data/PASCAL-S/Imgs/130.jpg,4,0.42931
./Data/PASCAL-S/Imgs/243.png,./Data/PASCAL-S/Imgs/243.jpg,1,0.13516266666666665
./Data/PASCAL-S/Imgs/804.png,./Data/PASCAL-S/Imgs/804.jpg,2,0.214944
./Data/PASCAL-S/Imgs/624.png,./Data/PASCAL-S/Imgs/624.jpg,1,0.19080533333333333
./Data/PASCAL-S/Imgs/264.png,./Data/PASCAL-S/Imgs/264.jpg,3,0.38870933333333335
./Data/PASCAL-S/Imgs/648.png,./Data/PASCAL-S/Imgs/648.jpg,3,0.31616
./Data/PASCAL-S/Imgs/428.png,./Data/PASCAL-S/Imgs/428.jpg,2,0.23984384384384386
./Data/PASCAL-S/Imgs/473.png,./Data/PASCAL-S/Imgs/473.jpg,4,0.43016
./Data/PASCAL-S/Imgs/730.png,./Data/PASCAL-S/Imgs/730.jpg,1,0.172256
./Data/PASCAL-S/Imgs/492.png,./Data/PASCAL-S/Imgs/492.jpg,3,0.3216936936936937
./Data/PASCAL-S/Imgs/278.png,./Data/PASCAL-S/Imgs/278.jpg,0,0.05047466666666667
./Data/PASCAL-S/Imgs/321.png,./Data/PASCAL-S/Imgs/321.jpg,0,0.09175375375375375
./Data/PASCAL-S/Imgs/24.png,./Data/PASCAL-S/Imgs/24.jpg,0,0.06497066666666666
./Data/PASCAL-S/Imgs/322.png,./Data/PASCAL-S/Imgs/322.jpg,4,0.8975975975975976
./Data/PASCAL-S/Imgs/366.png,./Data/PASCAL-S/Imgs/366.jpg,3,0.3572106666666667
./Data/PASCAL-S/Imgs/364.png,./Data/PASCAL-S/Imgs/364.jpg,0,0.05023132530120482
./Data/PASCAL-S/Imgs/56.png,./Data/PASCAL-S/Imgs/56.jpg,3,0.3650506666666667
./Data/PASCAL-S/Imgs/721.png,./Data/PASCAL-S/Imgs/721.jpg,4,0.408
./Data/PASCAL-S/Imgs/586.png,./Data/PASCAL-S/Imgs/586.jpg,2,0.23751466666666668
./Data/PASCAL-S/Imgs/684.png,./Data/PASCAL-S/Imgs/684.jpg,1,0.17273873873873874
./Data/PASCAL-S/Imgs/405.png,./Data/PASCAL-S/Imgs/405.jpg,1,0.13621084337349398
./Data/PASCAL-S/Imgs/166.png,./Data/PASCAL-S/Imgs/166.jpg,1,0.1414954954954955
./Data/PASCAL-S/Imgs/146.png,./Data/PASCAL-S/Imgs/146.jpg,1,0.1330608695652174
./Data/PASCAL-S/Imgs/491.png,./Data/PASCAL-S/Imgs/491.jpg,0,0.02148948948948949
./Data/PASCAL-S/Imgs/309.png,./Data/PASCAL-S/Imgs/309.jpg,1,0.10466133333333333
./Data/PASCAL-S/Imgs/589.png,./Data/PASCAL-S/Imgs/589.jpg,2,0.2745793650793651
./Data/PASCAL-S/Imgs/751.png,./Data/PASCAL-S/Imgs/751.jpg,0,0.07484671532846715
./Data/PASCAL-S/Imgs/420.png,./Data/PASCAL-S/Imgs/420.jpg,1,0.19317333333333334
./Data/PASCAL-S/Imgs/476.png,./Data/PASCAL-S/Imgs/476.jpg,4,0.48990419161676646
./Data/PASCAL-S/Imgs/700.png,./Data/PASCAL-S/Imgs/700.jpg,2,0.29946938775510207
./Data/PASCAL-S/Imgs/738.png,./Data/PASCAL-S/Imgs/738.jpg,1,0.17374925373134328
./Data/PASCAL-S/Imgs/216.png,./Data/PASCAL-S/Imgs/216.jpg,3,0.35586666666666666
./Data/PASCAL-S/Imgs/650.png,./Data/PASCAL-S/Imgs/650.jpg,2,0.26943466666666666
./Data/PASCAL-S/Imgs/779.png,./Data/PASCAL-S/Imgs/779.jpg,2,0.2538026666666667
./Data/PASCAL-S/Imgs/397.png,./Data/PASCAL-S/Imgs/397.jpg,4,0.5701834862385321
./Data/PASCAL-S/Imgs/251.png,./Data/PASCAL-S/Imgs/251.jpg,4,0.44167466666666666
./Data/PASCAL-S/Imgs/275.png,./Data/PASCAL-S/Imgs/275.jpg,1,0.14504761904761904
./Data/PASCAL-S/Imgs/636.png,./Data/PASCAL-S/Imgs/636.jpg,4,0.405552
./Data/PASCAL-S/Imgs/620.png,./Data/PASCAL-S/Imgs/620.jpg,2,0.2082042042042042
./Data/PASCAL-S/Imgs/815.png,./Data/PASCAL-S/Imgs/815.jpg,0,0.013484593837535013
./Data/PASCAL-S/Imgs/276.png,./Data/PASCAL-S/Imgs/276.jpg,1,0.1499967228157567
./Data/PASCAL-S/Imgs/148.png,./Data/PASCAL-S/Imgs/148.jpg,3,0.3492693333333333
./Data/PASCAL-S/Imgs/374.png,./Data/PASCAL-S/Imgs/374.jpg,0,0.0575688622754491
./Data/PASCAL-S/Imgs/452.png,./Data/PASCAL-S/Imgs/452.jpg,3,0.3886293333333333
./Data/PASCAL-S/Imgs/227.png,./Data/PASCAL-S/Imgs/227.jpg,1,0.1753433734939759
./Data/PASCAL-S/Imgs/641.png,./Data/PASCAL-S/Imgs/641.jpg,3,0.359376
./Data/PASCAL-S/Imgs/818.png,./Data/PASCAL-S/Imgs/818.jpg,1,0.1731823899371069
./Data/PASCAL-S/Imgs/159.png,./Data/PASCAL-S/Imgs/159.jpg,1,0.14176533333333333
./Data/PASCAL-S/Imgs/441.png,./Data/PASCAL-S/Imgs/441.jpg,2,0.22992
./Data/PASCAL-S/Imgs/359.png,./Data/PASCAL-S/Imgs/359.jpg,0,0.0
./Data/PASCAL-S/Imgs/797.png,./Data/PASCAL-S/Imgs/797.jpg,3,0.3291868131868132
./Data/PASCAL-S/Imgs/574.png,./Data/PASCAL-S/Imgs/574.jpg,3,0.332375971650663
./Data/PASCAL-S/Imgs/664.png,./Data/PASCAL-S/Imgs/664.jpg,0,0.03896533333333333
./Data/PASCAL-S/Imgs/381.png,./Data/PASCAL-S/Imgs/381.jpg,1,0.18938823529411764
./Data/PASCAL-S/Imgs/576.png,./Data/PASCAL-S/Imgs/576.jpg,4,0.6764790419161677
./Data/PASCAL-S/Imgs/54.png,./Data/PASCAL-S/Imgs/54.jpg,0,0.054642642642642646
./Data/PASCAL-S/Imgs/358.png,./Data/PASCAL-S/Imgs/358.jpg,1,0.145115
./Data/PASCAL-S/Imgs/470.png,./Data/PASCAL-S/Imgs/470.jpg,1,0.120659793814433
./Data/PASCAL-S/Imgs/263.png,./Data/PASCAL-S/Imgs/263.jpg,0,0.05162133333333333
./Data/PASCAL-S/Imgs/194.png,./Data/PASCAL-S/Imgs/194.jpg,2,0.21722666666666668
./Data/PASCAL-S/Imgs/513.png,./Data/PASCAL-S/Imgs/513.jpg,3,0.3260667670682731
./Data/PASCAL-S/Imgs/777.png,./Data/PASCAL-S/Imgs/777.jpg,3,0.3367087087087087
./Data/PASCAL-S/Imgs/828.png,./Data/PASCAL-S/Imgs/828.jpg,3,0.33032
./Data/PASCAL-S/Imgs/835.png,./Data/PASCAL-S/Imgs/835.jpg,4,0.41852409638554217
./Data/PASCAL-S/Imgs/265.png,./Data/PASCAL-S/Imgs/265.jpg,4,0.4215437665782493
./Data/PASCAL-S/Imgs/313.png,./Data/PASCAL-S/Imgs/313.jpg,2,0.21039240506329113
./Data/PASCAL-S/Imgs/557.png,./Data/PASCAL-S/Imgs/557.jpg,0,0.04772266666666666
./Data/PASCAL-S/Imgs/271.png,./Data/PASCAL-S/Imgs/271.jpg,4,0.6488352272727272
./Data/PASCAL-S/Imgs/307.png,./Data/PASCAL-S/Imgs/307.jpg,2,0.236288
./Data/PASCAL-S/Imgs/302.png,./Data/PASCAL-S/Imgs/302.jpg,0,0.09571584699453552
./Data/PASCAL-S/Imgs/712.png,./Data/PASCAL-S/Imgs/712.jpg,2,0.20944092219020172
./Data/PASCAL-S/Imgs/488.png,./Data/PASCAL-S/Imgs/488.jpg,1,0.18296
./Data/PASCAL-S/Imgs/728.png,./Data/PASCAL-S/Imgs/728.jpg,1,0.13825825825825827
./Data/PASCAL-S/Imgs/720.png,./Data/PASCAL-S/Imgs/720.jpg,4,0.6851578947368421
./Data/PASCAL-S/Imgs/516.png,./Data/PASCAL-S/Imgs/516.jpg,0,0.025573333333333333
./Data/PASCAL-S/Imgs/16.png,./Data/PASCAL-S/Imgs/16.jpg,2,0.206512
./Data/PASCAL-S/Imgs/564.png,./Data/PASCAL-S/Imgs/564.jpg,2,0.2183
./Data/PASCAL-S/Imgs/699.png,./Data/PASCAL-S/Imgs/699.jpg,4,0.4368650306748466
./Data/PASCAL-S/Imgs/764.png,./Data/PASCAL-S/Imgs/764.jpg,0,0.016180851063829788
./Data/PASCAL-S/Imgs/805.png,./Data/PASCAL-S/Imgs/805.jpg,1,0.10749635036496351
./Data/PASCAL-S/Imgs/676.png,./Data/PASCAL-S/Imgs/676.jpg,1,0.169088
./Data/PASCAL-S/Imgs/137.png,./Data/PASCAL-S/Imgs/137.jpg,4,0.46406933333333333
./Data/PASCAL-S/Imgs/562.png,./Data/PASCAL-S/Imgs/562.jpg,3,0.3905318559556787
./Data/PASCAL-S/Imgs/340.png,./Data/PASCAL-S/Imgs/340.jpg,4,0.40038323353293415
./Data/PASCAL-S/Imgs/414.png,./Data/PASCAL-S/Imgs/414.jpg,0,0.041936
./Data/PASCAL-S/Imgs/377.png,./Data/PASCAL-S/Imgs/377.jpg,0,0.04584984984984985
./Data/PASCAL-S/Imgs/279.png,./Data/PASCAL-S/Imgs/279.jpg,1,0.13838323353293414
./Data/PASCAL-S/Imgs/429.png,./Data/PASCAL-S/Imgs/429.jpg,2,0.22472533333333333
./Data/PASCAL-S/Imgs/517.png,./Data/PASCAL-S/Imgs/517.jpg,4,0.4471946666666667
./Data/PASCAL-S/Imgs/543.png,./Data/PASCAL-S/Imgs/543.jpg,1,0.18971733333333332
./Data/PASCAL-S/Imgs/178.png,./Data/PASCAL-S/Imgs/178.jpg,0,0.09309625668449198
./Data/PASCAL-S/Imgs/642.png,./Data/PASCAL-S/Imgs/642.jpg,4,0.477030303030303
./Data/PASCAL-S/Imgs/79.png,./Data/PASCAL-S/Imgs/79.jpg,2,0.25286545454545456
./Data/PASCAL-S/Imgs/223.png,./Data/PASCAL-S/Imgs/223.jpg,2,0.23886933333333332
./Data/PASCAL-S/Imgs/140.png,./Data/PASCAL-S/Imgs/140.jpg,3,0.3098453333333333
./Data/PASCAL-S/Imgs/42.png,./Data/PASCAL-S/Imgs/42.jpg,1,0.11887165775401069
./Data/PASCAL-S/Imgs/379.png,./Data/PASCAL-S/Imgs/379.jpg,2,0.271632
./Data/PASCAL-S/Imgs/179.png,./Data/PASCAL-S/Imgs/179.jpg,4,0.7367987987987988
./Data/PASCAL-S/Imgs/29.png,./Data/PASCAL-S/Imgs/29.jpg,0,0.0941025641025641
./Data/PASCAL-S/Imgs/584.png,./Data/PASCAL-S/Imgs/584.jpg,1,0.11845333333333333
./Data/PASCAL-S/Imgs/213.png,./Data/PASCAL-S/Imgs/213.jpg,0,0.09684491978609626
./Data/PASCAL-S/Imgs/335.png,./Data/PASCAL-S/Imgs/335.jpg,4,0.671424
./Data/PASCAL-S/Imgs/816.png,./Data/PASCAL-S/Imgs/816.jpg,3,0.349008
./Data/PASCAL-S/Imgs/48.png,./Data/PASCAL-S/Imgs/48.jpg,0,0.0976
./Data/PASCAL-S/Imgs/819.png,./Data/PASCAL-S/Imgs/819.jpg,4,0.4617982708933718
./Data/PASCAL-S/Imgs/501.png,./Data/PASCAL-S/Imgs/501.jpg,3,0.3678666666666667
./Data/PASCAL-S/Imgs/7.png,./Data/PASCAL-S/Imgs/7.jpg,0,0.03164963503649635
./Data/PASCAL-S/Imgs/675.png,./Data/PASCAL-S/Imgs/675.jpg,0,0.085712
./Data/PASCAL-S/Imgs/722.png,./Data/PASCAL-S/Imgs/722.jpg,0,0.042832
./Data/PASCAL-S/Imgs/459.png,./Data/PASCAL-S/Imgs/459.jpg,0,0.08069041095890411
./Data/PASCAL-S/Imgs/114.png,./Data/PASCAL-S/Imgs/114.jpg,1,0.15158933333333333
./Data/PASCAL-S/Imgs/234.png,./Data/PASCAL-S/Imgs/234.jpg,1,0.12780780780780782
./Data/PASCAL-S/Imgs/748.png,./Data/PASCAL-S/Imgs/748.jpg,0,0.03880470588235294
./Data/PASCAL-S/Imgs/208.png,./Data/PASCAL-S/Imgs/208.jpg,2,0.27864864864864863
./Data/PASCAL-S/Imgs/176.png,./Data/PASCAL-S/Imgs/176.jpg,0,0.06567567567567567
./Data/PASCAL-S/Imgs/403.png,./Data/PASCAL-S/Imgs/403.jpg,2,0.2817579250720461
./Data/PASCAL-S/Imgs/443.png,./Data/PASCAL-S/Imgs/443.jpg,4,0.4082942942942943
./Data/PASCAL-S/Imgs/792.png,./Data/PASCAL-S/Imgs/792.jpg,3,0.3085285285285285
./Data/PASCAL-S/Imgs/733.png,./Data/PASCAL-S/Imgs/733.jpg,1,0.12027733333333333
./Data/PASCAL-S/Imgs/794.png,./Data/PASCAL-S/Imgs/794.jpg,2,0.2612
./Data/PASCAL-S/Imgs/556.png,./Data/PASCAL-S/Imgs/556.jpg,0,0.043508982035928144
./Data/PASCAL-S/Imgs/528.png,./Data/PASCAL-S/Imgs/528.jpg,2,0.26078441558441556
./Data/PASCAL-S/Imgs/467.png,./Data/PASCAL-S/Imgs/467.jpg,1,0.10020266666666666
./Data/PASCAL-S/Imgs/462.png,./Data/PASCAL-S/Imgs/462.jpg,4,0.41016
./Data/PASCAL-S/Imgs/639.png,./Data/PASCAL-S/Imgs/639.jpg,0,0.053274666666666665
./Data/PASCAL-S/Imgs/796.png,./Data/PASCAL-S/Imgs/796.jpg,2,0.283024
./Data/PASCAL-S/Imgs/840.png,./Data/PASCAL-S/Imgs/840.jpg,1,0.16656
./Data/PASCAL-S/Imgs/139.png,./Data/PASCAL-S/Imgs/139.jpg,1,0.16324266666666667
./Data/PASCAL-S/Imgs/273.png,./Data/PASCAL-S/Imgs/273.jpg,1,0.14020833333333332
./Data/PASCAL-S/Imgs/481.png,./Data/PASCAL-S/Imgs/481.jpg,1,0.14701866666666666
./Data/PASCAL-S/Imgs/602.png,./Data/PASCAL-S/Imgs/602.jpg,3,0.3181924198250729
./Data/PASCAL-S/Imgs/542.png,./Data/PASCAL-S/Imgs/542.jpg,3,0.37851612903225806
./Data/PASCAL-S/Imgs/548.png,./Data/PASCAL-S/Imgs/548.jpg,3,0.3713273273273273
./Data/PASCAL-S/Imgs/87.png,./Data/PASCAL-S/Imgs/87.jpg,2,0.29726933333333333
./Data/PASCAL-S/Imgs/201.png,./Data/PASCAL-S/Imgs/201.jpg,4,0.4734773333333333
./Data/PASCAL-S/Imgs/305.png,./Data/PASCAL-S/Imgs/305.jpg,1,0.10651733333333334
./Data/PASCAL-S/Imgs/834.png,./Data/PASCAL-S/Imgs/834.jpg,2,0.28237837837837837
./Data/PASCAL-S/Imgs/821.png,./Data/PASCAL-S/Imgs/821.jpg,1,0.145296
./Data/PASCAL-S/Imgs/691.png,./Data/PASCAL-S/Imgs/691.jpg,0,0.07234666666666667
./Data/PASCAL-S/Imgs/606.png,./Data/PASCAL-S/Imgs/606.jpg,2,0.2057057057057057
./Data/PASCAL-S/Imgs/582.png,./Data/PASCAL-S/Imgs/582.jpg,0,0.08953614457831326
./Data/PASCAL-S/Imgs/616.png,./Data/PASCAL-S/Imgs/616.jpg,0,0.06499154929577465
./Data/PASCAL-S/Imgs/318.png,./Data/PASCAL-S/Imgs/318.jpg,1,0.19045373134328358
./Data/PASCAL-S/Imgs/547.png,./Data/PASCAL-S/Imgs/547.jpg,1,0.19349866666666668
./Data/PASCAL-S/Imgs/164.png,./Data/PASCAL-S/Imgs/164.jpg,1,0.159856
./Data/PASCAL-S/Imgs/83.png,./Data/PASCAL-S/Imgs/83.jpg,1,0.179568
./Data/PASCAL-S/Imgs/418.png,./Data/PASCAL-S/Imgs/418.jpg,4,0.4307327327327327
./Data/PASCAL-S/Imgs/347.png,./Data/PASCAL-S/Imgs/347.jpg,4,0.41816
./Data/PASCAL-S/Imgs/729.png,./Data/PASCAL-S/Imgs/729.jpg,2,0.2902921914357683
./Data/PASCAL-S/Imgs/424.png,./Data/PASCAL-S/Imgs/424.jpg,0,0.0
./Data/PASCAL-S/Imgs/583.png,./Data/PASCAL-S/Imgs/583.jpg,4,0.40290716180371355
./Data/PASCAL-S/Imgs/382.png,./Data/PASCAL-S/Imgs/382.jpg,1,0.12064
./Data/PASCAL-S/Imgs/658.png,./Data/PASCAL-S/Imgs/658.jpg,0,0.015978009259259258
./Data/PASCAL-S/Imgs/670.png,./Data/PASCAL-S/Imgs/670.jpg,3,0.34969066666666665
./Data/PASCAL-S/Imgs/417.png,./Data/PASCAL-S/Imgs/417.jpg,1,0.14029333333333333
./Data/PASCAL-S/Imgs/301.png,./Data/PASCAL-S/Imgs/301.jpg,3,0.38393333333333335
./Data/PASCAL-S/Imgs/450.png,./Data/PASCAL-S/Imgs/450.jpg,2,0.2980066889632107
./Data/PASCAL-S/Imgs/680.png,./Data/PASCAL-S/Imgs/680.jpg,1,0.19231325301204819
./Data/PASCAL-S/Imgs/45.png,./Data/PASCAL-S/Imgs/45.jpg,2,0.29692492492492495
./Data/PASCAL-S/Imgs/200.png,./Data/PASCAL-S/Imgs/200.jpg,1,0.1627027027027027
./Data/PASCAL-S/Imgs/707.png,./Data/PASCAL-S/Imgs/707.jpg,0,0.07497633136094675
./Data/PASCAL-S/Imgs/572.png,./Data/PASCAL-S/Imgs/572.jpg,0,0.005141141141141141
./Data/PASCAL-S/Imgs/8.png,./Data/PASCAL-S/Imgs/8.jpg,4,0.4003183183183183
./Data/PASCAL-S/Imgs/352.png,./Data/PASCAL-S/Imgs/352.jpg,3,0.36048502994011977
./Data/PASCAL-S/Imgs/706.png,./Data/PASCAL-S/Imgs/706.jpg,3,0.3170870870870871
./Data/PASCAL-S/Imgs/343.png,./Data/PASCAL-S/Imgs/343.jpg,0,0.0853474801061008
./Data/PASCAL-S/Imgs/810.png,./Data/PASCAL-S/Imgs/810.jpg,0,0.0313133514986376
./Data/PASCAL-S/Imgs/731.png,./Data/PASCAL-S/Imgs/731.jpg,3,0.3066933333333333
./Data/PASCAL-S/Imgs/597.png,./Data/PASCAL-S/Imgs/597.jpg,4,0.5266793650793651
./Data/PASCAL-S/Imgs/520.png,./Data/PASCAL-S/Imgs/520.jpg,2,0.20257057057057057
./Data/PASCAL-S/Imgs/758.png,./Data/PASCAL-S/Imgs/758.jpg,2,0.2286006006006006
./Data/PASCAL-S/Imgs/782.png,./Data/PASCAL-S/Imgs/782.jpg,2,0.2841301775147929
./Data/PASCAL-S/Imgs/61.png,./Data/PASCAL-S/Imgs/61.jpg,2,0.24431831831831832
./Data/PASCAL-S/Imgs/235.png,./Data/PASCAL-S/Imgs/235.jpg,0,0.083728
./Data/PASCAL-S/Imgs/655.png,./Data/PASCAL-S/Imgs/655.jpg,0,0.07806626506024096
./Data/PASCAL-S/Imgs/120.png,./Data/PASCAL-S/Imgs/120.jpg,1,0.182048
./Data/PASCAL-S/Imgs/221.png,./Data/PASCAL-S/Imgs/221.jpg,3,0.365033033033033
./Data/PASCAL-S/Imgs/479.png,./Data/PASCAL-S/Imgs/479.jpg,3,0.32642133333333334
./Data/PASCAL-S/Imgs/659.png,./Data/PASCAL-S/Imgs/659.jpg,3,0.371024
./Data/PASCAL-S/Imgs/754.png,./Data/PASCAL-S/Imgs/754.jpg,0,0.036352
./Data/PASCAL-S/Imgs/519.png,./Data/PASCAL-S/Imgs/519.jpg,3,0.3029226666666667
./Data/PASCAL-S/Imgs/736.png,./Data/PASCAL-S/Imgs/736.jpg,1,0.1503834808259587
./Data/PASCAL-S/Imgs/426.png,./Data/PASCAL-S/Imgs/426.jpg,3,0.327888
./Data/PASCAL-S/Imgs/396.png,./Data/PASCAL-S/Imgs/396.jpg,4,0.41042133333333336
./Data/PASCAL-S/Imgs/558.png,./Data/PASCAL-S/Imgs/558.jpg,4,0.42157866666666666
./Data/PASCAL-S/Imgs/338.png,./Data/PASCAL-S/Imgs/338.jpg,0,0.071456
./Data/PASCAL-S/Imgs/155.png,./Data/PASCAL-S/Imgs/155.jpg,1,0.11711466666666667
./Data/PASCAL-S/Imgs/60.png,./Data/PASCAL-S/Imgs/60.jpg,0,0.09442133333333333
./Data/PASCAL-S/Imgs/84.png,./Data/PASCAL-S/Imgs/84.jpg,4,0.534978978978979
./Data/PASCAL-S/Imgs/78.png,./Data/PASCAL-S/Imgs/78.jpg,3,0.35206606606606605
./Data/PASCAL-S/Imgs/719.png,./Data/PASCAL-S/Imgs/719.jpg,2,0.2778566552901024
./Data/PASCAL-S/Imgs/135.png,./Data/PASCAL-S/Imgs/135.jpg,4,0.663264
./Data/PASCAL-S/Imgs/692.png,./Data/PASCAL-S/Imgs/692.jpg,0,0.005168
./Data/PASCAL-S/Imgs/217.png,./Data/PASCAL-S/Imgs/217.jpg,3,0.33669866666666665
./Data/PASCAL-S/Imgs/353.png,./Data/PASCAL-S/Imgs/353.jpg,2,0.20762133333333332
./Data/PASCAL-S/Imgs/38.png,./Data/PASCAL-S/Imgs/38.jpg,3,0.33181981981981984
./Data/PASCAL-S/Imgs/820.png,./Data/PASCAL-S/Imgs/820.jpg,2,0.22119466666666668
./Data/PASCAL-S/Imgs/710.png,./Data/PASCAL-S/Imgs/710.jpg,1,0.16303466666666666
./Data/PASCAL-S/Imgs/323.png,./Data/PASCAL-S/Imgs/323.jpg,0,0.06961066666666667
./Data/PASCAL-S/Imgs/136.png,./Data/PASCAL-S/Imgs/136.jpg,1,0.18066133333333334
./Data/PASCAL-S/Imgs/688.png,./Data/PASCAL-S/Imgs/688.jpg,4,0.54272
./Data/PASCAL-S/Imgs/111.png,./Data/PASCAL-S/Imgs/111.jpg,0,0.06125333333333333
./Data/PASCAL-S/Imgs/625.png,./Data/PASCAL-S/Imgs/625.jpg,4,0.5238186666666667
./Data/PASCAL-S/Imgs/577.png,./Data/PASCAL-S/Imgs/577.jpg,3,0.341072
./Data/PASCAL-S/Imgs/633.png,./Data/PASCAL-S/Imgs/633.jpg,1,0.13211733333333334
./Data/PASCAL-S/Imgs/373.png,./Data/PASCAL-S/Imgs/373.jpg,0,0.06393066666666666
./Data/PASCAL-S/Imgs/560.png,./Data/PASCAL-S/Imgs/560.jpg,4,0.8655615615615616
./Data/PASCAL-S/Imgs/848.png,./Data/PASCAL-S/Imgs/848.jpg,1,0.17850666666666667
./Data/PASCAL-S/Imgs/425.png,./Data/PASCAL-S/Imgs/425.jpg,1,0.10155555555555555
./Data/PASCAL-S/Imgs/434.png,./Data/PASCAL-S/Imgs/434.jpg,4,0.6746426426426426
./Data/PASCAL-S/Imgs/41.png,./Data/PASCAL-S/Imgs/41.jpg,0,0.09452380952380952
./Data/PASCAL-S/Imgs/671.png,./Data/PASCAL-S/Imgs/671.jpg,1,0.162064
./Data/PASCAL-S/Imgs/812.png,./Data/PASCAL-S/Imgs/812.jpg,3,0.38825825825825827
./Data/PASCAL-S/Imgs/849.png,./Data/PASCAL-S/Imgs/849.jpg,0,0.03574774774774775
./Data/PASCAL-S/Imgs/455.png,./Data/PASCAL-S/Imgs/455.jpg,1,0.14835696821515892
./Data/PASCAL-S/Imgs/410.png,./Data/PASCAL-S/Imgs/410.jpg,2,0.20869866666666667
./Data/PASCAL-S/Imgs/239.png,./Data/PASCAL-S/Imgs/239.jpg,1,0.111504
./Data/PASCAL-S/Imgs/252.png,./Data/PASCAL-S/Imgs/252.jpg,2,0.2255303867403315
./Data/PASCAL-S/Imgs/566.png,./Data/PASCAL-S/Imgs/566.jpg,1,0.1384024024024024
./Data/PASCAL-S/Imgs/668.png,./Data/PASCAL-S/Imgs/668.jpg,4,0.4633333333333333
./Data/PASCAL-S/Imgs/75.png,./Data/PASCAL-S/Imgs/75.jpg,4,0.40396396396396395
./Data/PASCAL-S/Imgs/813.png,./Data/PASCAL-S/Imgs/813.jpg,3,0.396224358974359
./Data/PASCAL-S/Imgs/646.png,./Data/PASCAL-S/Imgs/646.jpg,0,0.063952
./Data/PASCAL-S/Imgs/26.png,./Data/PASCAL-S/Imgs/26.jpg,0,0.07350140056022408
./Data/PASCAL-S/Imgs/228.png,./Data/PASCAL-S/Imgs/228.jpg,1,0.18229866666666666
./Data/PASCAL-S/Imgs/272.png,./Data/PASCAL-S/Imgs/272.jpg,2,0.24901866666666667
./Data/PASCAL-S/Imgs/196.png,./Data/PASCAL-S/Imgs/196.jpg,0,0.039504
./Data/PASCAL-S/Imgs/214.png,./Data/PASCAL-S/Imgs/214.jpg,4,0.411584
./Data/PASCAL-S/Imgs/13.png,./Data/PASCAL-S/Imgs/13.jpg,1,0.1183003003003003
./Data/PASCAL-S/Imgs/801.png,./Data/PASCAL-S/Imgs/801.jpg,4,0.48085538461538463
./Data/PASCAL-S/Imgs/91.png,./Data/PASCAL-S/Imgs/91.jpg,1,0.18352244897959183
./Data/PASCAL-S/Imgs/415.png,./Data/PASCAL-S/Imgs/415.jpg,3,0.38161066666666665
./Data/PASCAL-S/Imgs/57.png,./Data/PASCAL-S/Imgs/57.jpg,2,0.248768
./Data/PASCAL-S/Imgs/464.png,./Data/PASCAL-S/Imgs/464.jpg,4,0.40524647887323945
./Data/PASCAL-S/Imgs/174.png,./Data/PASCAL-S/Imgs/174.jpg,3,0.3316266666666667
./Data/PASCAL-S/Imgs/368.png,./Data/PASCAL-S/Imgs/368.jpg,0,0.09365165165165165
./Data/PASCAL-S/Imgs/67.png,./Data/PASCAL-S/Imgs/67.jpg,0,0.06653658536585366
./Data/PASCAL-S/Imgs/35.png,./Data/PASCAL-S/Imgs/35.jpg,0,0.05389156626506024
./Data/PASCAL-S/Imgs/165.png,./Data/PASCAL-S/Imgs/165.jpg,1,0.11198870056497175
./Data/PASCAL-S/Imgs/409.png,./Data/PASCAL-S/Imgs/409.jpg,0,0.06731736526946108
./Data/PASCAL-S/Imgs/361.png,./Data/PASCAL-S/Imgs/361.jpg,2,0.2516906666666667
./Data/PASCAL-S/Imgs/446.png,./Data/PASCAL-S/Imgs/446.jpg,2,0.22507831325301206
./Data/PASCAL-S/Imgs/832.png,./Data/PASCAL-S/Imgs/832.jpg,1,0.107856
./Data/PASCAL-S/Imgs/304.png,./Data/PASCAL-S/Imgs/304.jpg,1,0.16806006006006005
./Data/PASCAL-S/Imgs/453.png,./Data/PASCAL-S/Imgs/453.jpg,3,0.31035087719298243
./Data/PASCAL-S/Imgs/158.png,./Data/PASCAL-S/Imgs/158.jpg,0,0.04705705705705706
./Data/PASCAL-S/Imgs/77.png,./Data/PASCAL-S/Imgs/77.jpg,0,0.03195820895522388
./Data/PASCAL-S/Imgs/292.png,./Data/PASCAL-S/Imgs/292.jpg,0,0.019594666666666666
./Data/PASCAL-S/Imgs/124.png,./Data/PASCAL-S/Imgs/124.jpg,4,0.5830864197530864
./Data/PASCAL-S/Imgs/371.png,./Data/PASCAL-S/Imgs/371.jpg,4,0.40452
./Data/PASCAL-S/Imgs/839.png,./Data/PASCAL-S/Imgs/839.jpg,2,0.2080353982300885
./Data/PASCAL-S/Imgs/303.png,./Data/PASCAL-S/Imgs/303.jpg,0,0.095536
./Data/PASCAL-S/Imgs/215.png,./Data/PASCAL-S/Imgs/215.jpg,3,0.35906302521008404
./Data/PASCAL-S/Imgs/46.png,./Data/PASCAL-S/Imgs/46.jpg,0,0.020021333333333332
./Data/PASCAL-S/Imgs/681.png,./Data/PASCAL-S/Imgs/681.jpg,3,0.322755
./Data/PASCAL-S/Imgs/74.png,./Data/PASCAL-S/Imgs/74.jpg,3,0.3551146666666667
./Data/PASCAL-S/Imgs/287.png,./Data/PASCAL-S/Imgs/287.jpg,0,0.03227627627627628
./Data/PASCAL-S/Imgs/117.png,./Data/PASCAL-S/Imgs/117.jpg,2,0.23335774647887325
./Data/PASCAL-S/Imgs/167.png,./Data/PASCAL-S/Imgs/167.jpg,3,0.34880597014925374
./Data/PASCAL-S/Imgs/246.png,./Data/PASCAL-S/Imgs/246.jpg,0,0.047877333333333334
./Data/PASCAL-S/Imgs/299.png,./Data/PASCAL-S/Imgs/299.jpg,2,0.23131468531468533
./Data/PASCAL-S/Imgs/224.png,./Data/PASCAL-S/Imgs/224.jpg,3,0.3177546666666667
./Data/PASCAL-S/Imgs/102.png,./Data/PASCAL-S/Imgs/102.jpg,2,0.20523150357995226
./Data/PASCAL-S/Imgs/511.png,./Data/PASCAL-S/Imgs/511.jpg,4,0.5143892215568863
./Data/PASCAL-S/Imgs/472.png,./Data/PASCAL-S/Imgs/472.jpg,1,0.14208408408408407
./Data/PASCAL-S/Imgs/608.png,./Data/PASCAL-S/Imgs/608.jpg,0,0.060907894736842105
